day,hour,soc,action_power
0,0,0.0,0.0
0,1,0.0,0.0
0,2,0.24,0.25263158000095004
0,3,0.62,0.40000000000095004
0,4,0.62,9.5e-13
0,5,1.0,0.40000000000095004
0,6,0.84210526,-0.15
0,7,0.42105263,-0.4
0,8,0.0,-0.4
0,9,0.0,0.0
0,10,0.0,0.0
0,11,0.0,0.0
0,12,0.0,0.0
0,13,0.24,0.25263158
0,14,0.62,0.4
0,15,1.0,0.4
0,16,1.0,0.0
0,17,0.57894737,-0.4
0,18,0.15789474,-0.4
0,19,0.022631579,-0.1285
0,20,0.0,-0.0215
0,21,0.0,0.0
0,22,0.0,0.0
0,23,0.0,0.0
1,0,0.0,0.0
1,1,0.0,0.0
1,2,0.0,0.0
1,3,0.0,0.0
1,4,0.0,0.0
1,5,0.0,0.0
1,6,0.0,0.0
1,7,0.0,0.0
1,8,0.0,0.0
1,9,0.0,0.0
1,10,0.0,0.0
1,11,0.0,0.0
1,12,0.0,0.0
1,13,0.38,0.4
1,14,0.76,0.4
1,15,1.0,0.25263158
1,16,0.98479026,-0.01444925
1,17,0.56373763,-0.4
1,18,0.142685,-0.4
1,19,0.15,0.00770000000095
1,20,0.070526316,-0.0755
1,21,0.0,-0.067
1,22,0.0,0.0
1,23,0.0,0.0
2,0,0.0,0.0
2,1,0.0,0.0
2,2,0.0,0.0
2,3,0.0,0.0
2,4,1e-12,9.5e-13
2,5,0.0,-9.5e-13
2,6,1e-12,9.5e-13
2,7,0.0,-9.5e-13
2,8,0.0,0.0
2,9,0.0,0.0
2,10,0.0,0.0
2,11,0.0,0.0
2,12,0.0,0.0
2,13,0.24,0.25263158
2,14,0.62,0.4
2,15,1.0,0.4
2,16,1.0,9.9990192e-13
2,17,0.71236737,-0.273251
2,18,0.29131474,-0.4
2,19,0.32589474,0.0364
2,20,0.23410526,-0.0872
2,21,0.11621053,-0.112
2,22,0.0,-0.1104
2,23,0.0,0.0
3,0,1e-12,9.5e-13
3,1,0.0,-9.5e-13
3,2,1e-12,9.5e-13
3,3,2e-12,9.5e-13
3,4,0.0,-1.9e-12
3,5,1e-12,9.5e-13
3,6,2e-12,9.5e-13
3,7,0.0,-1.9e-12
3,8,0.0,0.0
3,9,0.0,0.0
3,10,0.0,0.0
3,11,-2.0026316e-12,-1.9025e-12
3,12,0.24,0.25263158
3,13,0.24,0.0
3,14,0.62,0.4
3,15,1.0,0.4
3,16,1.0,0.0
3,17,0.57894737,-0.4
3,18,0.15789474,-0.4
3,19,0.0,-0.15
3,20,0.0,0.0
3,21,0.0,0.0
3,22,1e-12,9.5e-13
3,23,0.0,-1.95e-12
4,0,0.0,0.0
4,1,0.0,0.0
4,2,1e-12,9.5e-13
4,3,0.074631579,0.07855955700095
4,4,0.45463158,0.40000000000095004
4,5,0.16073684,-0.2792
4,6,0.0,-0.1527
4,7,1e-12,9.5e-13
4,8,1e-12,0.0
4,9,0.0,-9.5e-13
4,10,1e-12,9.5e-13
4,11,2e-12,9.5e-13
4,12,2e-12,0.0
4,13,0.38,0.40000000000095004
4,14,0.62,0.25263158000095004
4,15,1.0,0.40000000000095004
4,16,1.0,1.94966818e-12
4,17,0.93568421,-0.0611
4,18,0.51463158,-0.4
4,19,0.20652632,-0.2927
4,20,0.0,-0.1962
4,21,0.0,0.0
4,22,0.0,0.0
4,23,0.0,-1e-12
5,0,0.0,0.0
5,1,0.035245,0.03710000000095
5,2,0.09728,0.06530000000095
5,3,0.19266,0.10040000000095001
5,4,0.307515,0.12090000000095
5,5,0.307515,0.0
5,6,0.0,-0.29213925
5,7,0.38,0.40000000000095004
5,8,0.38,0.0
5,9,0.38,0.0
5,10,0.0,-0.361
5,11,0.0,0.0
5,12,0.0,0.0
5,13,0.24,0.25263158
5,14,0.62,0.4
5,15,1.0,0.4
5,16,1.0,0.0
5,17,1.0,0.0
5,18,0.57894737,-0.4
5,19,0.20010526,-0.3599
5,20,0.0,-0.1901
5,21,0.0,0.0
5,22,0.0,0.0
5,23,0.0,-1e-12
6,0,0.0,0.0
6,1,1e-12,9.5e-13
6,2,2e-12,9.5e-13
6,3,0.22747368,0.23944598000095
6,4,0.22747368,9.5e-13
6,5,0.021157895,-0.196
6,6,0.0,-0.0201
6,7,1e-12,9.5e-13
6,8,0.0,-9.5e-13
6,9,0.0,0.0
6,10,1e-12,9.5e-13
6,11,1e-12,0.0
6,12,0.38,0.4
6,13,0.76,0.4
6,14,1.0,0.25263158
6,15,1.0,0.0
6,16,1.0,0.0
6,17,1.0,0.0
6,18,0.73094737,-0.2556
6,19,0.39263158,-0.3214
6,20,0.0,-0.373
6,21,0.0,0.0
6,22,0.0,0.0
6,23,0.0,-1e-12
7,0,1e-12,9.5e-13
7,1,2e-12,9.5e-13
7,2,3e-12,9.5e-13
7,3,4e-12,9.5e-13
7,4,0.28547368,0.30049861000095
7,5,0.28547368,0.0
7,6,0.0,-0.2712
7,7,1e-12,9.5e-13
7,8,1e-12,0.0
7,9,2e-12,9.5e-13
7,10,3e-12,9.5e-13
7,11,3e-12,0.0
7,12,3e-12,0.0
7,13,0.38,0.4
7,14,0.62,0.25263158
7,15,1.0,0.4
7,16,1.0,1.94990192e-12
7,17,1.0,9.5e-13
7,18,0.57894737,-0.4
7,19,0.19368421,-0.366
7,20,0.0,-0.184
7,21,0.0,0.0
7,22,0.0,0.0
7,23,0.0,-1e-12
8,0,0.0,0.0
8,1,0.0,0.0
8,2,1e-12,9.5e-13
8,3,0.0,-9.5e-13
8,4,0.0,0.0
8,5,0.043225,0.045500000000949996
8,6,0.043225,0.0
8,7,0.043225,9.5e-13
8,8,0.0,-0.04106375
8,9,0.0,0.0
8,10,1e-12,9.5e-13
8,11,2e-12,9.5e-13
8,12,2e-12,0.0
8,13,0.38,0.4
8,14,0.62,0.25263158
8,15,1.0,0.4
8,16,0.84210526,-0.15
8,17,0.42105263,-0.4
8,18,0.0,-0.4
8,19,1e-12,9.5e-13
8,20,2e-12,9.5e-13
8,21,0.0,-1.9e-12
8,22,1e-12,9.5e-13
8,23,0.0,-1.95e-12
9,0,0.0,0.0
9,1,0.0,0.0
9,2,0.0,0.0
9,3,1e-12,9.5e-13
9,4,0.0,-9.5e-13
9,5,0.0,0.0
9,6,0.031635,0.03330000000095
9,7,0.411635,0.40000000000095004
9,8,0.411635,0.0
9,9,0.0,-0.39105325
9,10,0.0,0.0
9,11,0.0,0.0
9,12,0.0,0.0
9,13,0.24,0.25263158
9,14,0.62,0.4
9,15,1.0,0.4
9,16,0.84210526,-0.15
9,17,0.42105263,-0.4
9,18,0.0,-0.4
9,19,1e-12,9.5e-13
9,20,2e-12,9.5e-13
9,21,0.0,-1.9e-12
9,22,0.0,0.0
9,23,0.0,-1e-12
10,0,0.0,0.0
10,1,0.0,0.0
10,2,0.0,0.0
10,3,0.0,0.0
10,4,0.0,0.0
10,5,0.0,0.0
10,6,1e-12,9.5e-13
10,7,2e-12,9.5e-13
10,8,3e-12,9.5e-13
10,9,3e-12,0.0
10,10,4e-12,9.5e-13
10,11,5e-12,9.5e-13
10,12,5e-12,0.0
10,13,0.24,0.25263158
10,14,0.62,0.4
10,15,1.0,0.4
10,16,0.84210526,-0.15
10,17,0.42105263,-0.4
10,18,0.0,-0.4
10,19,0.0,0.0
10,20,0.0,0.0
10,21,0.0,0.0
10,22,0.0,0.0
10,23,0.0,-1e-12
11,0,1e-12,9.5e-13
11,1,0.32094737,0.33783934000095
11,2,0.32094737,9.5e-13
11,3,0.32094737,9.5e-13
11,4,0.32094737,9.5e-13
11,5,0.19452632,-0.1201
11,6,0.064,-0.124
11,7,0.0,-0.0608
11,8,1e-12,9.5e-13
11,9,0.0,-9.5e-13
11,10,0.0,0.0
11,11,1e-12,9.5e-13
11,12,2e-12,9.5e-13
11,13,0.24,0.25263158000095004
11,14,0.62,0.40000000000095004
11,15,1.0,0.40000000000095004
11,16,1.0,-4.9993343e-14
11,17,0.84210526,-0.15
11,18,0.42105263,-0.4
11,19,0.0,-0.4
11,20,0.0,0.0
11,21,0.0,0.0
11,22,0.0,0.0
11,23,0.0,-1e-12
12,0,1e-12,9.5e-13
12,1,2e-12,9.5e-13
12,2,3e-12,9.5e-13
12,3,4e-12,9.5e-13
12,4,0.022210526,0.02337950100095
12,5,0.022210526,9.5e-13
12,6,0.0,-0.0211
12,7,1e-12,9.5e-13
12,8,2e-12,9.5e-13
12,9,0.0,-1.9e-12
12,10,1e-12,9.5e-13
12,11,2e-12,9.5e-13
12,12,3e-12,9.5e-13
12,13,0.38,0.40000000000095004
12,14,0.76,0.40000000000095004
12,15,1.0,0.25263158000095004
12,16,0.84210526,-0.15
12,17,0.42105263,-0.4
12,18,0.0,-0.4
12,19,1e-12,9.5e-13
12,20,2e-12,9.5e-13
12,21,0.0,-1.9e-12
12,22,0.0,0.0
12,23,0.0,-1e-12
13,0,0.0342,0.036000000000949994
13,1,0.07049,0.038200000000949995
13,2,0.12008,0.05220000000095
13,3,0.183255,0.06650000000095001
13,4,0.21812,0.03670000000095
13,5,0.275405,0.060300000000949996
13,6,0.275405,0.0
13,7,0.275405,0.0
13,8,0.275405,9.5e-13
13,9,0.275405,0.0
13,10,0.0,-0.26163475
13,11,1e-12,9.5e-13
13,12,2e-12,9.5e-13
13,13,0.38,0.40000000000095004
13,14,0.76,0.40000000000095004
13,15,1.0,0.25263158000095004
13,16,0.57894737,-0.4
13,17,0.42105263,-0.15
13,18,0.0,-0.4
13,19,0.0,0.0
13,20,0.0,0.0
13,21,0.0,0.0
13,22,0.01197,0.01260000000095
13,23,0.0,-0.0113715
14,0,0.09234,0.09720000000095
14,1,0.18164,0.09400000000095
14,2,0.26315,0.08580000000095
14,3,0.325565,0.06570000000095
14,4,0.351595,0.02740000000095
14,5,0.39083,0.04130000000095
14,6,0.0,-0.3712885
14,7,0.0,0.0
14,8,1e-12,9.5e-13
14,9,2e-12,9.5e-13
14,10,3e-12,9.5e-13
14,11,4e-12,9.5e-13
14,12,0.24,0.25263158
14,13,0.62,0.4
14,14,0.62,0.0
14,15,1.0,0.4
14,16,0.84210526,-0.15
14,17,0.42105263,-0.4
14,18,0.0,-0.4
14,19,0.0,0.0
14,20,1e-12,9.5e-13
14,21,0.0,-9.5e-13
14,22,1e-12,9.5e-13
14,23,0.0,-1.95e-12
15,0,1e-12,9.5e-13
15,1,2e-12,9.5e-13
15,2,0.30476,0.32080000000095
15,3,0.62396,0.33600000000095004
15,4,0.95114,0.34440000000095
15,5,0.95114,0.0
15,6,0.53008737,-0.4
15,7,0.42105263,-0.103583
15,8,0.42105263,9.5e-13
15,9,0.0,-0.4
15,10,1e-12,9.5e-13
15,11,2e-12,9.5e-13
15,12,2e-12,0.0
15,13,0.24,0.25263158
15,14,0.62,0.4
15,15,1.0,0.4
15,16,0.84210526,-0.15
15,17,0.42105263,-0.4
15,18,0.0,-0.4
15,19,0.0,0.0
15,20,1e-12,9.5e-13
15,21,0.0,-9.5e-13
15,22,1e-12,9.5e-13
15,23,0.0,-1.95e-12
16,0,0.0,0.0
16,1,0.0,0.0
16,2,0.0,0.0
16,3,9.5e-05,9.999999994999999e-05
16,4,0.076095,0.08000000000095
16,5,0.076095,9.5e-13
16,6,0.24,0.17253158000094998
16,7,0.62,0.40000000000095004
16,8,1.0,0.40000000000095004
16,9,1.0,0.0
16,10,1.0,9.5e-13
16,11,1.0,9.5e-13
16,12,1.0,9.5e-13
16,13,1.0,9.5e-13
16,14,1.0,9.5e-13
16,15,1.0,9.5e-13
16,16,0.84210526,-0.15
16,17,0.42105263,-0.4
16,18,0.0,-0.4
16,19,0.0,0.0
16,20,0.0,0.0
16,21,0.0,0.0
16,22,0.0,0.0
16,23,0.0,-1e-12
17,0,1e-12,9.5e-13
17,1,1e-12,0.0
17,2,2e-12,9.5e-13
17,3,0.0,-1.9e-12
17,4,0.0,0.0
17,5,0.0,0.0
17,6,0.0,0.0
17,7,0.04104,0.04320000000095
17,8,0.27132,0.24240000000095
17,9,0.27132,9.5e-13
17,10,0.62,0.36703158000095004
17,11,0.62,9.5e-13
17,12,0.62,9.5e-13
17,13,1.0,0.4
17,14,1.0,0.0
17,15,1.0,0.0
17,16,0.84210526,-0.15
17,17,0.42105263,-0.4
17,18,0.0,-0.4
17,19,0.0,0.0
17,20,1e-12,9.5e-13
17,21,0.0,-9.5e-13
17,22,0.0,0.0
17,23,0.0,-1e-12
18,0,0.047405,0.04990000000095
18,1,0.10393,0.059500000000949994
18,2,0.16568,0.06500000000095
18,3,0.2337,0.07160000000095
18,4,0.298775,0.06850000000095001
18,5,0.298775,0.0
18,6,0.0,-0.28383625
18,7,0.0,0.0
18,8,1e-12,9.5e-13
18,9,0.0,-9.5e-13
18,10,0.0,0.0
18,11,-1.0526316e-12,-1e-12
18,12,0.24,0.25263158
18,13,0.62,0.4
18,14,1.0,0.4
18,15,1.0,9.9990192e-13
18,16,0.89811816,-0.09678775
18,17,0.47706553,-0.4
18,18,0.056012895,-0.4
18,19,0.093157895,0.03910000000095
18,20,0.052842105,-0.0383
18,21,0.0,-0.0502
18,22,0.0,0.0
18,23,0.0,0.0
19,0,0.0,0.0
19,1,1e-12,9.5e-13
19,2,2e-12,9.5e-13
19,3,0.074315789,0.07822714700095
19,4,0.074315789,9.5e-13
19,5,0.00073684211,-0.0699
19,6,0.0,-0.0007
19,7,0.0,0.0
19,8,0.0,0.0
19,9,0.0,0.0
19,10,1e-12,9.5e-13
19,11,1e-12,0.0
19,12,0.24,0.25263158
19,13,0.62,0.4
19,14,1.0,0.4
19,15,1.0,-1.0000778e-12
19,16,0.57894737,-0.4
19,17,0.57894737,0.0
19,18,0.15789474,-0.4
19,19,0.0,-0.15
19,20,0.0,0.0
19,21,0.0,0.0
19,22,0.0,0.0
19,23,0.0,-1e-12
20,0,0.0,0.0
20,1,0.0,0.0
20,2,0.027265,0.02870000000095
20,3,0.095855,0.07220000000095
20,4,0.20672,0.11670000000095
20,5,0.37259,0.17460000000095
20,6,0.0,-0.3539605
20,7,0.0,0.0
20,8,0.0,0.0
20,9,0.0,0.0
20,10,0.0,0.0
20,11,1e-12,9.5e-13
20,12,1e-12,0.0
20,13,0.24,0.25263158
20,14,0.62,0.4
20,15,1.0,0.4
20,16,0.84210526,-0.15
20,17,0.42105263,-0.4
20,18,0.0,-0.4
20,19,1e-12,9.5e-13
20,20,0.0,-9.5e-13
20,21,0.0,0.0
20,22,0.0,0.0
20,23,0.0,-1e-12
21,0,1e-12,9.5e-13
21,1,2e-12,9.5e-13
21,2,3e-12,9.5e-13
21,3,0.38,0.40000000000095004
21,4,0.38,9.5e-13
21,5,0.17652632,-0.1933
21,6,0.13021053,-0.044
21,7,0.0,-0.1237
21,8,0.0,0.0
21,9,0.0,0.0
21,10,1e-12,9.5e-13
21,11,0.0,-9.5e-13
21,12,1e-12,9.5e-13
21,13,0.24,0.25263158000095004
21,14,0.62,0.40000000000095004
21,15,1.0,0.40000000000095004
21,16,0.84210526,-0.15
21,17,0.42105263,-0.4
21,18,0.0,-0.4
21,19,1e-12,9.5e-13
21,20,0.0,-9.5e-13
21,21,0.0,0.0
21,22,1e-12,9.5e-13
21,23,0.0,-1.95e-12
22,0,1e-12,9.5e-13
22,1,2e-12,9.5e-13
22,2,3e-12,9.5e-13
22,3,4e-12,9.5e-13
22,4,0.30021053,0.31601108000095
22,5,0.10294737,-0.1874
22,6,0.0,-0.0978
22,7,0.0,0.0
22,8,0.0,0.0
22,9,0.0,0.0
22,10,0.0,0.0
22,11,0.0,0.0
22,12,0.0,0.0
22,13,0.24,0.25263158
22,14,0.62,0.4
22,15,1.0,0.4
22,16,0.84210526,-0.15
22,17,0.42105263,-0.4
22,18,0.0,-0.4
22,19,0.0,0.0
22,20,0.0,0.0
22,21,0.0,0.0
22,22,1e-12,9.5e-13
22,23,0.0,-1.95e-12
23,0,0.258,0.27157895000095
23,1,0.0,-0.2451
23,2,1e-12,9.5e-13
23,3,0.10294737,0.10836565000095
23,4,0.10294737,9.5e-13
23,5,0.10294737,9.5e-13
23,6,0.0,-0.0978
23,7,1e-12,9.5e-13
23,8,2e-12,9.5e-13
23,9,0.0,-1.9e-12
23,10,0.0,0.0
23,11,0.0,0.0
23,12,0.0,0.0
23,13,0.24,0.25263158000095004
23,14,0.62,0.40000000000095004
23,15,1.0,0.40000000000095004
23,16,0.84210526,-0.15
23,17,0.42105263,-0.4
23,18,0.0,-0.4
23,19,1e-12,9.5e-13
23,20,0.0,-9.5e-13
23,21,0.0,0.0
23,22,0.0,0.0
23,23,0.0,-1e-12
24,0,0.0,0.0
24,1,0.0,0.0
24,2,0.0,0.0
24,3,0.0,0.0
24,4,0.0,0.0
24,5,0.0,0.0
24,6,0.0,0.0
24,7,0.0,0.0
24,8,0.0,0.0
24,9,0.0,0.0
24,10,0.0,0.0
24,11,0.0,0.0
24,12,0.0,0.0
24,13,0.24,0.25263158
24,14,0.62,0.4
24,15,1.0,0.4
24,16,1.0,0.0
24,17,0.57894737,-0.4
24,18,0.15789474,-0.4
24,19,0.0,-0.15
24,20,0.0,0.0
24,21,0.0,0.0
24,22,0.0,0.0
24,23,0.0,0.0
25,0,0.0,0.0
25,1,0.28957895,0.30481994000095003
25,2,0.26031579,-0.0278
25,3,0.64031579,0.40000000000095004
25,4,0.62,-0.0193
25,5,1.0,0.40000000000095004
25,6,1.0,1.94990192e-12
25,7,1.0,-1.8524959e-12
25,8,0.57894737,-0.4
25,9,0.15789474,-0.4
25,10,0.0,-0.15
25,11,-2.0026316e-12,-1.9025e-12
25,12,0.38,0.4
25,13,0.76,0.4
25,14,1.0,0.25263158
25,15,1.0,0.0
25,16,1.0,1.0000778e-12
25,17,1.0,-1.0000778e-12
25,18,0.57894737,-0.4
25,19,0.17421053,-0.3845
25,20,0.0,-0.1655
25,21,0.0,0.0
25,22,0.0,0.0
25,23,0.0,-1e-12
26,0,1e-12,9.5e-13
26,1,0.12410526,0.13063712000094999
26,2,0.50410526,0.40000000000095004
26,3,0.88410526,0.40000000000095004
26,4,0.57,-0.2984
26,5,0.23684211,-0.3165
26,6,0.0,-0.225
26,7,1e-12,9.5e-13
26,8,0.0,-9.5e-13
26,9,0.0,0.0
26,10,1e-12,9.5e-13
26,11,2e-12,9.5e-13
26,12,0.24,0.25263158000095004
26,13,0.62,0.40000000000095004
26,14,1.0,0.40000000000095004
26,15,1.0,9.5e-13
26,16,0.84210526,-0.15
26,17,0.42105263,-0.4
26,18,0.0,-0.4
26,19,0.0,0.0
26,20,0.0,0.0
26,21,0.0,0.0
26,22,0.0,0.0
26,23,0.0,-1e-12
27,0,0.0,0.0
27,1,1e-12,9.5e-13
27,2,2e-12,9.5e-13
27,3,0.31505263,0.33163435000095004
27,4,0.31505263,9.5e-13
27,5,0.31505263,9.5e-13
27,6,0.041052632,-0.2603
27,7,0.0,-0.039
27,8,0.0,0.0
27,9,1e-12,9.5e-13
27,10,0.0,-9.5e-13
27,11,1e-12,9.5e-13
27,12,0.0,-9.5e-13
27,13,0.24,0.25263158000095004
27,14,0.62,0.40000000000095004
27,15,1.0,0.40000000000095004
27,16,1.0,0.0
27,17,0.57894737,-0.4
27,18,0.15789474,-0.4
27,19,0.15789474,9.5e-13
27,20,0.0,-0.15
27,21,0.0,0.0
27,22,0.0,0.0
27,23,0.0,-1e-12
28,0,0.38,0.40000000000095004
28,1,0.76,0.40000000000095004
28,2,0.62,-0.133
28,3,1.0,0.40000000000095004
28,4,1.0,1.94990192e-12
28,5,0.66779184,-0.31559775
28,6,0.41810763,-0.2372
28,7,0.42105263,0.0031
28,8,0.0,-0.4
28,9,0.0,0.0
28,10,0.0,0.0
28,11,0.0,0.0
28,12,0.0,0.0
28,13,0.38,0.4
28,14,0.76,0.4
28,15,1.0,0.25263158
28,16,1.0,0.0
28,17,0.57894737,-0.4
28,18,0.15789474,-0.4
28,19,0.0,-0.15
28,20,0.0,0.0
28,21,0.0,0.0
28,22,0.0,0.0
28,23,0.0,-1e-12
29,0,1e-12,9.5e-13
29,1,2e-12,9.5e-13
29,2,3e-12,9.5e-13
29,3,0.38,0.40000000000095004
29,4,0.38,9.5e-13
29,5,0.38,9.5e-13
29,6,0.38,9.5e-13
29,7,0.38,9.5e-13
29,8,0.0,-0.361
29,9,0.0,0.0
29,10,1e-12,9.5e-13
29,11,0.38,0.40000000000095004
29,12,0.76,0.4
29,13,0.76,0.0
29,14,1.0,0.25263158
29,15,1.0,0.0
29,16,1.0,0.0
29,17,0.85021053,-0.1423
29,18,0.42915789,-0.4
29,19,0.24284211,-0.177
29,20,0.0,-0.2307
29,21,0.0,0.0
29,22,0.0,0.0
29,23,0.0,-1e-12
30,0,0.0,0.0
30,1,0.0,0.0
30,2,0.0,0.0
30,3,0.0,0.0
30,4,0.0,0.0
30,5,0.0,0.0
30,6,0.0,0.0
30,7,0.0,0.0
30,8,0.0,0.0
30,9,0.0,0.0
30,10,0.0,0.0
30,11,0.0,0.0
30,12,-1.0526316e-12,-1e-12
30,13,0.24,0.25263158
30,14,0.62,0.4
30,15,1.0,0.4
30,16,0.84210526,-0.15
30,17,0.42105263,-0.4
30,18,0.0,-0.4
30,19,0.0,0.0
30,20,0.0,0.0
30,21,0.0,0.0
30,22,0.0,0.0
30,23,0.0,0.0
31,0,0.38,0.40000000000095004
31,1,0.42105263,0.043213296000949995
31,2,0.0,-0.4
31,3,0.0,0.0
31,4,0.0,0.0
31,5,0.0,0.0
31,6,0.0,0.0
31,7,0.0,0.0
31,8,0.0,0.0
31,9,0.0,0.0
31,10,0.0,0.0
31,11,0.0,0.0
31,12,0.0,0.0
31,13,0.24,0.25263158000095004
31,14,0.62,0.4
31,15,1.0,0.40000000000095004
31,16,1.0,1.94990192e-12
31,17,0.57894737,-0.4
31,18,0.15789474,-0.4
31,19,0.0,-0.15
31,20,0.0,0.0
31,21,1e-12,9.5e-13
31,22,0.0,-9.5e-13
31,23,0.0,0.0
32,0,0.38,0.40000000000095004
32,1,0.76,0.40000000000095004
32,2,1.0,0.25263158000095004
32,3,1.0,1.94990192e-12
32,4,1.0,1.94966818e-12
32,5,0.77042105,-0.2181
32,6,0.51568421,-0.242
32,7,0.094631579,-0.4
32,8,0.0,-0.0899
32,9,0.0,0.0
32,10,0.0,0.0
32,11,0.0,0.0
32,12,0.0,0.0
32,13,0.38,0.4
32,14,0.76,0.4
32,15,1.0,0.25263158
32,16,1.0,-5.0204285e-14
32,17,0.98684211,-0.0125
32,18,0.70978947,-0.2632
32,19,0.29126316,-0.3976
32,20,0.0,-0.2767
32,21,0.0,0.0
32,22,0.0,0.0
32,23,0.0,-1e-12
33,0,0.38,0.40000000000095004
33,1,0.76,0.40000000000095004
33,2,0.97684211,0.22825485000095
33,3,0.97684211,9.5e-13
33,4,0.97684211,9.5e-13
33,5,0.87157895,-0.1
33,6,0.84210526,-0.028
33,7,0.42105263,-0.4
33,8,0.0,-0.4
33,9,0.0,0.0
33,10,0.0,0.0
33,11,1e-12,9.5e-13
33,12,2e-12,9.5e-13
33,13,0.38,0.40000000000095004
33,14,0.76,0.40000000000095004
33,15,1.0,0.25263158000095004
33,16,1.0,0.0
33,17,1.0,0.0
33,18,0.65073684,-0.3318
33,19,0.30052632,-0.3327
33,20,0.0,-0.2855
33,21,0.0,0.0
33,22,0.0,0.0
33,23,0.0,-1e-12
34,0,0.053865,0.05670000000095
34,1,0.154185,0.10560000000095
34,2,0.17141,0.01813157900095
34,3,0.37775,0.21720000000095
34,4,0.62,0.25500000000095
34,5,1.0,0.40000000000095004
34,6,1.0,0.0
34,7,0.57894737,-0.4
34,8,0.15789474,-0.4
34,9,0.0,-0.15
34,10,0.0,0.0
34,11,0.24,0.25263158000095004
34,12,0.62,0.40000000000095004
34,13,0.62,9.5e-13
34,14,0.62,9.5e-13
34,15,1.0,0.40000000000095004
34,16,1.0,0.0
34,17,0.57894737,-0.4
34,18,0.15789474,-0.4
34,19,0.056,-0.0968
34,20,0.0,-0.0532
34,21,0.0,0.0
34,22,0.0,0.0
34,23,0.0,-1e-12
35,0,0.0,0.0
35,1,0.0,0.0
35,2,0.0,0.0
35,3,0.38,0.40000000000095004
35,4,0.62,0.25263158000095004
35,5,1.0,0.40000000000095004
35,6,1.0,0.0
35,7,0.57894737,-0.4
35,8,0.15789474,-0.4
35,9,0.0,-0.15
35,10,-2.9526316e-12,-2.805e-12
35,11,-2.0026316e-12,1e-12
35,12,-1.0526316e-12,1e-12
35,13,0.24,0.25263158
35,14,0.62,0.4
35,15,1.0,0.4
35,16,1.0,0.0
35,17,0.57894737,-0.4
35,18,0.15789474,-0.4
35,19,0.0,-0.15
35,20,0.0,0.0
35,21,0.0,0.0
35,22,0.0,0.0
35,23,0.0,0.0
36,0,0.0,0.0
36,1,0.0,0.0
36,2,0.0,0.0
36,3,0.38,0.40000000000095004
36,4,0.46210526,0.08642659300095
36,5,0.84210526,0.40000000000095004
36,6,0.84210526,9.5e-13
36,7,0.42105263,-0.4
36,8,0.0,-0.4
36,9,0.0,0.0
36,10,0.0,0.0
36,11,0.0,0.0
36,12,0.0,0.0
36,13,0.24,0.25263158
36,14,0.62,0.4
36,15,1.0,0.4
36,16,1.0,0.0
36,17,1.0,0.0
36,18,0.57894737,-0.4
36,19,0.18421053,-0.375
36,20,0.0,-0.175
36,21,0.0,0.0
36,22,0.0,0.0
36,23,0.0,0.0
37,0,0.0,0.0
37,1,0.0,0.0
37,2,0.0,0.0
37,3,1e-12,9.5e-13
37,4,0.050707105,0.053375900000949994
37,5,0.43070711,0.40000000000095004
37,6,0.28491763,-0.1385
37,7,0.42105263,0.14330000000095
37,8,0.0,-0.4
37,9,0.0,0.0
37,10,-2.0026316e-12,-1.9025e-12
37,11,-1.0526316e-12,1e-12
37,12,0.38,0.4
37,13,0.62,0.25263158
37,14,1.0,0.4
37,15,1.0,-9.9986686e-13
37,16,1.0,0.0
37,17,0.84210526,-0.15
37,18,0.42105263,-0.4
37,19,0.42105263,0.0
37,20,0.0,-0.4
37,21,0.0,0.0
37,22,1e-12,9.5e-13
37,23,0.0,-9.5e-13
38,0,1e-12,9.5e-13
38,1,2e-12,9.5e-13
38,2,3e-12,9.5e-13
38,3,0.0,-2.85e-12
38,4,1e-12,9.5e-13
38,5,0.0,-9.5e-13
38,6,1e-12,9.5e-13
38,7,2e-12,9.5e-13
38,8,0.041052632,0.043213296000949995
38,9,0.42105263,0.40000000000095004
38,10,0.0,-0.4
38,11,1e-12,9.5e-13
38,12,0.0,-9.5e-13
38,13,0.24,0.25263158000095004
38,14,0.62,0.40000000000095004
38,15,1.0,0.40000000000095004
38,16,0.84210526,-0.15
38,17,0.42105263,-0.4
38,18,0.0,-0.4
38,19,0.0,0.0
38,20,0.0,0.0
38,21,0.0,0.0
38,22,0.0,0.0
38,23,0.0,-1e-12
39,0,0.0,0.0
39,1,0.0,0.0
39,2,0.24,0.25263158000095004
39,3,0.24,9.5e-13
39,4,0.62,0.40000000000095004
39,5,1.0,0.40000000000095004
39,6,1.0,0.0
39,7,0.57894737,-0.4
39,8,0.15789474,-0.4
39,9,0.0,-0.15
39,10,0.0,0.0
39,11,-1.0526316e-12,-1e-12
39,12,-1.0526316e-12,0.0
39,13,0.24,0.25263158
39,14,0.62,0.4
39,15,1.0,0.40000000000095004
39,16,0.84210526,-0.15
39,17,0.42105263,-0.4
39,18,0.0,-0.4
39,19,0.0,0.0
39,20,0.0,0.0
39,21,0.0,0.0
39,22,0.0,0.0
39,23,0.0,0.0
40,0,0.0,0.0
40,1,0.0,0.0
40,2,0.0,0.0
40,3,0.24,0.25263158000095004
40,4,0.62,0.4
40,5,0.62,9.5e-13
40,6,1.0,0.4
40,7,0.57894737,-0.4
40,8,0.15789474,-0.4
40,9,0.0,-0.15
40,10,0.0,0.0
40,11,0.0,0.0
40,12,0.0,0.0
40,13,0.24,0.25263158
40,14,0.62,0.4
40,15,1.0,0.4
40,16,1.0,1.94990192e-12
40,17,0.57894737,-0.4
40,18,0.15789474,-0.4
40,19,0.0,-0.15
40,20,0.0,0.0
40,21,0.0,0.0
40,22,0.0,0.0
40,23,0.0,0.0
41,0,1e-12,9.5e-13
41,1,2e-12,9.5e-13
41,2,3e-12,9.5e-13
41,3,0.38,0.40000000000095004
41,4,0.38,9.5e-13
41,5,0.76,0.40000000000095004
41,6,0.45673684,-0.2881
41,7,0.29231579,-0.1562
41,8,0.29231579,9.5e-13
41,9,0.067368421,-0.2137
41,10,0.0,-0.064
41,11,0.0,0.0
41,12,0.03933,0.041400000000949996
41,13,0.41933,0.40000000000095004
41,14,0.79933,0.40000000000095004
41,15,1.0,0.21123158000095
41,16,0.868,-0.1254
41,17,0.44694737,-0.4
41,18,0.025894737,-0.4
41,19,0.0,-0.0246
41,20,0.0,0.0
41,21,0.0,0.0
41,22,0.0,0.0
41,23,0.0,-1e-12
42,0,0.0,0.0
42,1,0.0,0.0
42,2,0.38,0.40000000000095004
42,3,0.62,0.25263158000095004
42,4,1.0,0.40000000000095004
42,5,1.0,1.94990192e-12
42,6,0.79042105,-0.1991
42,7,0.36936842,-0.4
42,8,0.36936842,0.0
42,9,0.0,-0.3509
42,10,0.0,0.0
42,11,0.0,0.0
42,12,0.0,0.0
42,13,0.24,0.25263158000095004
42,14,0.62,0.40000000000095004
42,15,1.0,0.40000000000095004
42,16,1.0,-1.0000778e-12
42,17,0.57894737,-0.4
42,18,0.15789474,-0.4
42,19,0.0,-0.15
42,20,0.0,0.0
42,21,0.0,0.0
42,22,0.0,0.0
42,23,0.0,-1e-12
43,0,0.0,0.0
43,1,0.0,0.0
43,2,1e-12,9.5e-13
43,3,0.38,0.40000000000095004
43,4,0.62,0.25263158000095004
43,5,1.0,0.40000000000095004
43,6,1.0,1.94990192e-12
43,7,0.75347368,-0.2342
43,8,0.42105263,-0.3158
43,9,0.0,-0.4
43,10,0.0,0.0
43,11,0.38,0.4
43,12,0.38,0.0
43,13,0.62,0.25263158
43,14,1.0,0.4
43,15,1.0,-1.0000778e-12
43,16,1.0,0.0
43,17,0.73947368,-0.2475
43,18,0.31842105,-0.4
43,19,0.0,-0.3025
43,20,0.0,0.0
43,21,0.0,0.0
43,22,0.0,0.0
43,23,0.0,-1e-12
44,0,0.0,0.0
44,1,1e-12,9.5e-13
44,2,1e-12,0.0
44,3,0.0,-9.5e-13
44,4,1e-12,9.5e-13
44,5,1e-12,0.0
44,6,0.0,-9.5e-13
44,7,0.0,0.0
44,8,0.0,0.0
44,9,0.0,0.0
44,10,1e-12,9.5e-13
44,11,0.21397,0.22523158000094998
44,12,0.59397,0.40000000000095004
44,13,0.92495,0.34840000000095
44,14,1.0,0.07900000000095
44,15,1.0,-4.9993343e-14
44,16,0.84210526,-0.15
44,17,0.42105263,-0.4
44,18,0.0,-0.4
44,19,0.0,0.0
44,20,0.0,0.0
44,21,0.0,0.0
44,22,0.0,0.0
44,23,0.0,-1e-12
45,0,0.0,0.0
45,1,0.0,0.0
45,2,0.0,0.0
45,3,0.0,0.0
45,4,0.0,0.0
45,5,0.0,0.0
45,6,0.24,0.25263158000095004
45,7,0.62,0.4
45,8,1.0,0.40000000000095004
45,9,0.57894737,-0.4
45,10,0.57894737,0.0
45,11,0.57894737,0.0
45,12,0.15789474,-0.4
45,13,0.53789474,0.4
45,14,0.91789474,0.4
45,15,1.0,0.086426593
45,16,1.0,0.0
45,17,0.57894737,-0.4
45,18,0.15789474,-0.4
45,19,0.15789474,0.0
45,20,0.0,-0.15
45,21,0.0,0.0
45,22,0.0,0.0
45,23,0.0,0.0
46,0,0.0,0.0
46,1,0.24,0.25263158000095004
46,2,0.24,9.5e-13
46,3,0.24,9.5e-13
46,4,0.62,0.40000000000095004
46,5,1.0,0.40000000000095004
46,6,0.69494737,-0.2898
46,7,0.27389474,-0.4
46,8,0.0,-0.2602
46,9,0.0,0.0
46,10,1e-12,9.5e-13
46,11,2e-12,9.5e-13
46,12,0.38,0.4
46,13,0.62,0.25263158
46,14,1.0,0.4
46,15,1.0,0.0
46,16,1.0,1.94990192e-12
46,17,0.57894737,-0.4
46,18,0.15789474,-0.4
46,19,0.0,-0.15
46,20,0.0,0.0
46,21,0.0,0.0
46,22,0.0,0.0
46,23,0.0,-1e-12
47,0,1e-12,9.5e-13
47,1,2e-12,9.5e-13
47,2,3e-12,9.5e-13
47,3,4e-12,9.5e-13
47,4,0.38,0.40000000000095004
47,5,0.46210526,0.08642659300095
47,6,0.84210526,0.40000000000095004
47,7,0.42105263,-0.4
47,8,0.0,-0.4
47,9,0.0,0.0
47,10,1e-12,9.5e-13
47,11,2e-12,9.5e-13
47,12,0.24,0.25263158000095004
47,13,0.62,0.40000000000095004
47,14,1.0,0.40000000000095004
47,15,1.0,9.5e-13
47,16,1.0,0.0
47,17,0.57894737,-0.4
47,18,0.15789474,-0.4
47,19,0.0,-0.15
47,20,0.0,0.0
47,21,0.0,0.0
47,22,1e-12,9.5e-13
47,23,0.0,-1.95e-12
48,0,1e-12,9.5e-13
48,1,0.38,0.40000000000095004
48,2,0.38,9.5e-13
48,3,0.38,9.5e-13
48,4,0.52663158,0.15434903000095
48,5,0.52663158,9.5e-13
48,6,0.168,-0.3407
48,7,0.0,-0.1596
48,8,0.0,0.0
48,9,0.0,0.0
48,10,1e-12,9.5e-13
48,11,2e-12,9.5e-13
48,12,0.24,0.25263158000095004
48,13,0.62,0.40000000000095004
48,14,0.62,9.5e-13
48,15,1.0,0.40000000000095004
48,16,1.0,-4.9993343e-14
48,17,0.57894737,-0.4
48,18,0.15789474,-0.4
48,19,0.0,-0.15
48,20,0.0,0.0
48,21,0.0,0.0
48,22,0.0,0.0
48,23,0.0,-1e-12
49,0,0.082105263,0.08642659300095
49,1,0.082105263,9.5e-13
49,2,0.46210526,0.40000000000095004
49,3,0.46210526,9.5e-13
49,4,0.84210526,0.40000000000095004
49,5,0.84210526,9.5e-13
49,6,0.42105263,-0.4
49,7,0.0,-0.4
49,8,0.0,0.0
49,9,0.0,0.0
49,10,1e-12,9.5e-13
49,11,2e-12,9.5e-13
49,12,0.24,0.25263158
49,13,0.62,0.4
49,14,1.0,0.4
49,15,1.0,0.0
49,16,1.0,0.0
49,17,0.57894737,-0.4
49,18,0.15789474,-0.4
49,19,0.0,-0.15
49,20,0.0,0.0
49,21,1e-12,9.5e-13
49,22,2e-12,9.5e-13
49,23,0.0,-2.9e-12
50,0,1e-12,9.5e-13
50,1,2e-12,9.5e-13
50,2,0.38,0.40000000000095004
50,3,0.38,9.5e-13
50,4,0.736,0.37473684000095003
50,5,0.736,9.5e-13
50,6,0.56494737,-0.1625
50,7,0.42105263,-0.1367
50,8,0.0,-0.4
50,9,0.0,0.0
50,10,1e-12,9.5e-13
50,11,0.38,0.40000000000095004
50,12,0.76,0.40000000000095004
50,13,1.0,0.25263158000095004
50,14,1.0,9.5e-13
50,15,1.0,9.5e-13
50,16,0.84210526,-0.15
50,17,0.42105263,-0.4
50,18,0.0,-0.4
50,19,0.0,0.0
50,20,0.0,0.0
50,21,0.0,0.0
50,22,0.0,0.0
50,23,0.0,-1e-12
51,0,0.090155,0.09490000000095
51,1,0.22211,0.13890000000094999
51,2,0.40375,0.19120000000095
51,3,0.62111,0.22880000000095
51,4,0.86165,0.25320000000095
51,5,1.0,0.14563158000095
51,6,1.0,-1.0000778e-12
51,7,1.0,9.5e-13
51,8,0.57894737,-0.4
51,9,0.15789474,-0.4
51,10,0.15789474,0.0
51,11,0.15789474,9.5e-13
51,12,0.53789474,0.40000000000095004
51,13,0.62,0.08642659300095
51,14,1.0,0.40000000000095004
51,15,1.0,9.5e-13
51,16,0.84210526,-0.15
51,17,0.42105263,-0.4
51,18,0.0,-0.4
51,19,0.0,0.0
51,20,0.0,0.0
51,21,0.0,0.0
51,22,0.0,0.0
51,23,0.0,-1e-12
52,0,0.19905263,0.20952909000095
52,1,0.19905263,9.5e-13
52,2,0.19905263,9.5e-13
52,3,0.19905263,9.5e-13
52,4,0.19905263,9.5e-13
52,5,0.19905263,9.5e-13
52,6,0.0,-0.1891
52,7,0.0,0.0
52,8,1e-12,9.5e-13
52,9,0.0,-9.5e-13
52,10,1e-12,9.5e-13
52,11,2e-12,9.5e-13
52,12,2e-12,0.0
52,13,0.38,0.4
52,14,0.76,0.4
52,15,1.0,0.25263158000095004
52,16,0.97284211,-0.0258
52,17,0.55178947,-0.4
52,18,0.13073684,-0.4
52,19,0.13073684,0.0
52,20,0.0,-0.1242
52,21,0.0,0.0
52,22,0.0,0.0
52,23,0.0,-1e-12
53,0,1e-12,9.5e-13
53,1,2e-12,9.5e-13
53,2,3e-12,9.5e-13
53,3,0.36442105,0.38360111000095004
53,4,0.74442105,0.40000000000095004
53,5,0.74442105,9.5e-13
53,6,0.42105263,-0.3072
53,7,0.0,-0.4
53,8,0.0,0.0
53,9,0.0,0.0
53,10,0.0,0.0
53,11,1e-12,9.5e-13
53,12,0.38,0.40000000000095004
53,13,0.76,0.40000000000095004
53,14,1.0,0.25263158000095004
53,15,1.0,9.5e-13
53,16,1.0,9.9990192e-13
53,17,0.59631579,-0.3835
53,18,0.17526316,-0.4
53,19,0.0,-0.1665
53,20,0.0,0.0
53,21,0.0,0.0
53,22,1e-12,9.5e-13
53,23,0.0,-1.95e-12
54,0,0.06707,0.07060000000095
54,1,0.120365,0.056100000000949994
54,2,0.145635,0.02660000000095
54,3,0.161595,0.01680000000095
54,4,0.53926316,0.39754543000095
54,5,0.91926316,0.40000000000095004
54,6,0.84210526,-0.0733
54,7,0.42105263,-0.4
54,8,0.0,-0.4
54,9,0.0,0.0
54,10,1e-12,9.5e-13
54,11,2e-12,9.5e-13
54,12,0.24,0.25263158000095004
54,13,0.24,9.5e-13
54,14,0.62,0.40000000000095004
54,15,1.0,0.40000000000095004
54,16,1.0,1.94990192e-12
54,17,0.57894737,-0.4
54,18,0.15789474,-0.4
54,19,0.0,-0.15
54,20,0.0,0.0
54,21,0.0,0.0
54,22,0.0,0.0
54,23,0.0,-1e-12
55,0,1e-12,9.5e-13
55,1,2e-12,9.5e-13
55,2,3e-12,9.5e-13
55,3,4e-12,9.5e-13
55,4,0.21378947,0.22504155000095
55,5,0.21378947,0.0
55,6,0.10705263,-0.1014
55,7,0.0018947368,-0.0999
55,8,0.0,-0.0018
55,9,0.0,0.0
55,10,0.38,0.40000000000095004
55,11,0.76,0.40000000000095004
55,12,0.76,9.5e-13
55,13,0.76,9.5e-13
55,14,1.0,0.25263158000095004
55,15,1.0,-5.0204285e-14
55,16,0.84210526,-0.15
55,17,0.42105263,-0.4
55,18,0.0,-0.4
55,19,0.0,0.0
55,20,0.0,0.0
55,21,0.0,0.0
55,22,1e-12,9.5e-13
55,23,0.0,-1.95e-12
56,0,0.33473684,0.35235457000095
56,1,0.33473684,9.5e-13
56,2,0.33473684,9.5e-13
56,3,0.33473684,9.5e-13
56,4,0.33473684,9.5e-13
56,5,0.33473684,9.5e-13
56,6,0.17726316,-0.1496
56,7,0.0,-0.1684
56,8,0.0,0.0
56,9,0.0,0.0
56,10,0.026915,0.02833157900095
56,11,0.026915,9.5e-13
56,12,0.026915,9.5e-13
56,13,0.406915,0.40000000000095004
56,14,0.786915,0.40000000000095004
56,15,1.0,0.22430000000095
56,16,0.84210526,-0.15
56,17,0.42105263,-0.4
56,18,0.0,-0.4
56,19,0.0,0.0
56,20,0.0,0.0
56,21,0.0,0.0
56,22,0.0,0.0
56,23,0.0,-1e-12
57,0,0.38,0.40000000000095004
57,1,0.76,0.40000000000095004
57,2,0.55157895,-0.198
57,3,0.33031579,-0.2102
57,4,0.62,0.30493075000095
57,5,1.0,0.40000000000095004
57,6,0.66557895,-0.3177
57,7,0.42105263,-0.2323
57,8,0.0,-0.4
57,9,0.0,0.0
57,10,0.0,0.0
57,11,1e-12,9.5e-13
57,12,2e-12,9.5e-13
57,13,0.38,0.40000000000095004
57,14,0.76,0.40000000000095004
57,15,1.0,0.25263158000095004
57,16,0.84157895,-0.1505
57,17,0.42105263,-0.3995
57,18,0.0,-0.4
57,19,0.0,0.0
57,20,0.0,0.0
57,21,0.38,0.40000000000095004
57,22,0.0,-0.361
57,23,0.0,-1e-12
58,0,0.0,0.0
58,1,0.0,0.0
58,2,0.0,0.0
58,3,0.0,0.0
58,4,0.0,0.0
58,5,0.0,0.0
58,6,0.041052632,0.043213296
58,7,0.42105263,0.40000000000095004
58,8,0.0,-0.4
58,9,0.0,0.0
58,10,0.0,0.0
58,11,0.0,0.0
58,12,0.0,0.0
58,13,0.24,0.25263158000095004
58,14,0.62,0.40000000000095004
58,15,1.0,0.40000000000095004
58,16,0.63621053,-0.3456
58,17,0.42105263,-0.2044
58,18,0.0,-0.4
58,19,0.0,0.0
58,20,0.0,0.0
58,21,0.0,0.0
58,22,1e-12,9.5e-13
58,23,0.0,-9.5e-13
59,0,0.0,0.0
59,1,0.0,0.0
59,2,0.0,0.0
59,3,0.0,0.0
59,4,0.0,0.0
59,5,0.0,0.0
59,6,0.38,0.40000000000095004
59,7,0.76,0.40000000000095004
59,8,0.33894737,-0.4
59,9,0.0,-0.322
59,10,0.0,0.0
59,11,0.0,0.0
59,12,0.0,0.0
59,13,0.24,0.25263158
59,14,0.62,0.4
59,15,1.0,0.40000000000095004
59,16,1.0,1.94966818e-12
59,17,0.57894737,-0.4
59,18,0.15789474,-0.4
59,19,0.0,-0.15
59,20,0.0,0.0
59,21,0.0,0.0
59,22,0.0,0.0
59,23,0.0,0.0
60,0,1e-12,9.5e-13
60,1,0.38,0.40000000000095004
60,2,0.62,0.25263158000095004
60,3,0.62,9.5e-13
60,4,1.0,0.40000000000095004
60,5,1.0,0.0
60,6,0.85747368,-0.1354
60,7,0.43642105,-0.4
60,8,0.015368421,-0.4
60,9,0.0,-0.0146
60,10,0.0,0.0
60,11,-1.0526316e-12,-1e-12
60,12,-1.0526316e-12,0.0
60,13,0.24,0.25263158
60,14,0.62,0.4
60,15,1.0,0.4
60,16,1.0,0.0
60,17,0.75831579,-0.2296
60,18,0.33726316,-0.4
60,19,0.0,-0.3204
60,20,0.0,0.0
60,21,0.0,0.0
60,22,1e-12,9.5e-13
60,23,0.0,-1.95e-12
61,0,0.0,0.0
61,1,0.0,0.0
61,2,0.24,0.25263158000095004
61,3,0.62,0.40000000000095004
61,4,1.0,0.40000000000095004
61,5,0.83452632,-0.1572
61,6,0.57263158,-0.2488
61,7,0.33105263,-0.2295
61,8,0.0,-0.3145
61,9,0.0,0.0
61,10,1e-12,9.5e-13
61,11,2e-12,9.5e-13
61,12,0.38,0.40000000000095004
61,13,0.76,0.40000000000095004
61,14,1.0,0.25263158000095004
61,15,1.0,-4.9993343e-14
61,16,0.84210526,-0.15
61,17,0.42105263,-0.4
61,18,0.0,-0.4
61,19,0.0,0.0
61,20,0.0,0.0
61,21,0.0,0.0
61,22,0.0,0.0
61,23,0.0,-1e-12
62,0,0.0,0.0
62,1,0.0,0.0
62,2,1e-12,9.5e-13
62,3,0.38,0.40000000000095004
62,4,0.71463158,0.35224377000095003
62,5,0.71463158,9.5e-13
62,6,0.42105263,-0.2789
62,7,0.0,-0.4
62,8,1e-12,9.5e-13
62,9,0.0,-9.5e-13
62,10,0.0,0.0
62,11,1e-12,9.5e-13
62,12,2e-12,9.5e-13
62,13,0.38,0.40000000000095004
62,14,0.76,0.40000000000095004
62,15,1.0,0.25263158000095004
62,16,1.0,-4.9993343e-14
62,17,0.57894737,-0.4
62,18,0.15789474,-0.4
62,19,0.0,-0.15
62,20,0.0,0.0
62,21,0.0,0.0
62,22,1e-12,9.5e-13
62,23,0.0,-1.95e-12
63,0,0.0,0.0
63,1,0.38,0.40000000000095004
63,2,0.38133,0.00140000000095
63,3,0.39501,0.01440000000095
63,4,0.41344,0.01940000000095
63,5,0.41895,0.005800000000949999
63,6,0.32516053,-0.0891
63,7,0.25379211,-0.0678
63,8,0.0,-0.2411025
63,9,0.0,0.0
63,10,1e-12,9.5e-13
63,11,2e-12,9.5e-13
63,12,0.24,0.25263158000095004
63,13,0.62,0.40000000000095004
63,14,1.0,0.40000000000095004
63,15,1.0,9.5e-13
63,16,0.84210526,-0.15
63,17,0.42105263,-0.4
63,18,0.0,-0.4
63,19,0.0,0.0
63,20,1e-12,9.5e-13
63,21,0.0,-9.5e-13
63,22,0.0,0.0
63,23,0.0,-1e-12
64,0,0.04389,0.046200000000949995
64,1,0.21412605,0.17919584000094999
64,2,0.24595105,0.03350000000095
64,3,0.27084105,0.02620000000095
64,4,0.28642105,0.016400000000950002
64,5,0.28642105,0.0
64,6,0.15442105,-0.1254
64,7,0.0,-0.1467
64,8,0.0,0.0
64,9,0.0,0.0
64,10,1e-12,9.5e-13
64,11,2e-12,9.5e-13
64,12,0.10263,0.10803158000095
64,13,0.48263,0.40000000000095004
64,14,0.86263,0.40000000000095004
64,15,1.0,0.14460000000095
64,16,0.84210526,-0.15
64,17,0.42105263,-0.4
64,18,0.0,-0.4
64,19,0.0,0.0
64,20,0.0,0.0
64,21,0.0,0.0
64,22,0.0,0.0
64,23,0.0,-1e-12
65,0,1e-12,9.5e-13
65,1,2e-12,9.5e-13
65,2,0.046842105,0.04930747900095
65,3,0.42684211,0.40000000000095004
65,4,0.30652632,-0.1143
65,5,0.30652632,9.5e-13
65,6,0.30652632,9.5e-13
65,7,0.10147368,-0.1948
65,8,0.0,-0.0964
65,9,0.0,0.0
65,10,0.0,0.0
65,11,1e-12,9.5e-13
65,12,0.357675,0.37650000000095
65,13,0.710125,0.37100000000095
65,14,0.954275,0.25700000000095
65,15,1.0,0.04813157900095
65,16,0.84210526,-0.15
65,17,0.42105263,-0.4
65,18,0.0,-0.4
65,19,0.0,0.0
65,20,0.0,0.0
65,21,0.0,0.0
65,22,1e-12,9.5e-13
65,23,0.0,-1.95e-12
66,0,0.0,0.0
66,1,0.0,0.0
66,2,1e-12,9.5e-13
66,3,2e-12,9.5e-13
66,4,0.0,-1.9e-12
66,5,1e-12,9.5e-13
66,6,0.0,-9.5e-13
66,7,0.0,0.0
66,8,1e-12,9.5e-13
66,9,0.0,-9.5e-13
66,10,1e-12,9.5e-13
66,11,2e-12,9.5e-13
66,12,3e-12,9.5e-13
66,13,0.30745,0.32363158000095
66,14,0.68745,0.40000000000095004
66,15,1.0,0.32900000000095003
66,16,0.84210526,-0.15
66,17,0.42105263,-0.4
66,18,0.0,-0.4
66,19,0.0,0.0
66,20,0.0,0.0
66,21,0.0,0.0
66,22,1e-12,9.5e-13
66,23,0.0,-1.95e-12
67,0,0.093955,0.09890000000095
67,1,0.143735,0.05240000000095
67,2,0.24,0.10133158000095001
67,3,0.62,0.40000000000095004
67,4,1.0,0.40000000000095004
67,5,1.0,1.94990192e-12
67,6,1.0,9.5e-13
67,7,0.64578947,-0.3365
67,8,0.28357895,-0.3441
67,9,0.022842105,-0.2477
67,10,0.0,-0.0217
67,11,0.2698,0.28400000000095
67,12,0.6498,0.40000000000095004
67,13,0.78131,0.13843158000095
67,14,1.0,0.23020000000094998
67,15,1.0,-5.0204285e-14
67,16,0.57894737,-0.4
67,17,0.15789474,-0.4
67,18,0.0,-0.15
67,19,0.0,0.0
67,20,0.0,0.0
67,21,0.0,0.0
67,22,1e-12,9.5e-13
67,23,0.0,-1.95e-12
68,0,1e-12,9.5e-13
68,1,2e-12,9.5e-13
68,2,0.38,0.40000000000095004
68,3,0.76,0.40000000000095004
68,4,0.76,9.5e-13
68,5,0.76,9.5e-13
68,6,0.76,9.5e-13
68,7,0.34084211,-0.3982
68,8,0.0,-0.3238
68,9,0.0,0.0
68,10,1e-12,9.5e-13
68,11,0.38,0.40000000000095004
68,12,0.40055,0.021631579000950002
68,13,0.78055,0.40000000000095004
68,14,1.0,0.23100000000095
68,15,1.0,-4.9993343e-14
68,16,0.58221053,-0.3969
68,17,0.16115789,-0.4
68,18,0.0,-0.1531
68,19,0.0,0.0
68,20,0.0,0.0
68,21,0.0,0.0
68,22,0.0,0.0
68,23,0.0,-1e-12
69,0,1e-12,9.5e-13
69,1,2e-12,9.5e-13
69,2,3e-12,9.5e-13
69,3,0.38,0.40000000000095004
69,4,0.62,0.25263158000095004
69,5,1.0,0.40000000000095004
69,6,1.0,9.5e-13
69,7,0.57894737,-0.4
69,8,0.42105263,-0.15
69,9,0.0,-0.4
69,10,1e-12,9.5e-13
69,11,2e-12,9.5e-13
69,12,0.38,0.40000000000095004
69,13,0.76,0.40000000000095004
69,14,1.0,0.25263158000095004
69,15,1.0,-4.9993343e-14
69,16,1.0,0.0
69,17,0.71221053,-0.2734
69,18,0.30010526,-0.3915
69,19,0.0,-0.2851
69,20,0.0,0.0
69,21,0.0,0.0
69,22,0.0,0.0
69,23,0.0,-1e-12
70,0,0.041515,0.04370000000095
70,1,0.081225,0.041800000000949994
70,2,0.12236,0.043300000000949995
70,3,0.1748,0.055200000000949996
70,4,0.42870474,0.26726814000095
70,5,0.44789474,0.02020000000095
70,6,0.35063158,-0.0924
70,7,0.15410526,-0.1867
70,8,0.0,-0.1464
70,9,0.0,0.0
70,10,1e-12,9.5e-13
70,11,0.302005,0.31790000000095003
70,12,0.58428,0.29713158000095
70,13,0.96428,0.40000000000095004
70,14,0.96428,9.5e-13
70,15,1.0,0.03760000000095
70,16,0.84210526,-0.15
70,17,0.42105263,-0.4
70,18,0.0,-0.4
70,19,0.0,0.0
70,20,0.0,0.0
70,21,0.0,0.0
70,22,0.0,0.0
70,23,0.0,-1e-12
71,0,1e-12,9.5e-13
71,1,0.067368421,0.07091412700095
71,2,0.067368421,9.5e-13
71,3,0.44736842,0.40000000000095004
71,4,0.82736842,0.40000000000095004
71,5,0.82736842,9.5e-13
71,6,0.51642105,-0.2954
71,7,0.095368421,-0.4
71,8,0.0,-0.0906
71,9,0.0,0.0
71,10,1e-12,9.5e-13
71,11,0.113935,0.11993158000095
71,12,0.493935,0.40000000000095004
71,13,0.873935,0.40000000000095004
71,14,1.0,0.13270000000095
71,15,1.0,-4.9993343e-14
71,16,0.84210526,-0.15
71,17,0.42105263,-0.4
71,18,0.0,-0.4
71,19,0.0,0.0
71,20,0.0,0.0
71,21,0.0,0.0
71,22,1e-12,9.5e-13
71,23,0.0,-1.95e-12
72,0,1e-12,9.5e-13
72,1,2e-12,9.5e-13
72,2,3e-12,9.5e-13
72,3,0.14936842,0.15722992000094999
72,4,0.14936842,9.5e-13
72,5,0.14936842,9.5e-13
72,6,0.14936842,9.5e-13
72,7,0.14936842,0.0
72,8,0.018526316,-0.1243
72,9,0.0,-0.0176
72,10,0.09462,0.09960000000095
72,11,0.26315,0.17740000000095
72,12,0.46949,0.21720000000095
72,13,0.755375,0.30093158000095
72,14,0.912315,0.16520000000095
72,15,1.0,0.09230000000095
72,16,0.84210526,-0.15
72,17,0.42105263,-0.4
72,18,0.0,-0.4
72,19,0.0,0.0
72,20,1e-12,9.5e-13
72,21,2e-12,9.5e-13
72,22,0.097473684,0.10260388000095
72,23,0.0,-0.0926
73,0,0.0,0.0
73,1,1e-12,9.5e-13
73,2,0.0,-9.5e-13
73,3,1e-12,9.5e-13
73,4,0.38,0.40000000000095004
73,5,0.66320105,0.29810637000095
73,6,0.52351684,-0.1327
73,7,0.37393789,-0.1421
73,8,0.27078,-0.098
73,9,0.27078,9.5e-13
73,10,0.27078,9.5e-13
73,11,0.65078,0.40000000000095004
73,12,0.90329,0.26580000000095
73,13,1.0,0.10180000000095
73,14,1.0,-4.9993343e-14
73,15,1.0,-4.9993343e-14
73,16,0.84210526,-0.15
73,17,0.42105263,-0.4
73,18,0.0,-0.4
73,19,0.0,0.0
73,20,0.0,0.0
73,21,0.0,0.0
73,22,0.29410526,0.30958449000095
73,23,0.0,-0.2794
74,0,0.38,0.40000000000095004
74,1,0.76,0.40000000000095004
74,2,0.76,9.5e-13
74,3,0.89531,0.14243158000095
74,4,1.0,0.11020000000095001
74,5,1.0,0.0
74,6,1.0,1.94990192e-12
74,7,1.0,-1.9024893e-12
74,8,1.0,9.5e-13
74,9,1.0,-9.5008446e-13
74,10,1.0,9.5e-13
74,11,1.0,9.5e-13
74,12,1.0,-4.7501059e-12
74,13,1.0,9.5e-13
74,14,1.0,9.5e-13
74,15,1.0,9.5e-13
74,16,0.84210526,-0.15
74,17,0.42105263,-0.4
74,18,0.0,-0.4
74,19,0.0,0.0
74,20,0.0,0.0
74,21,0.0,0.0
74,22,0.0,0.0
74,23,0.0,-1e-12
75,0,0.0,0.0
75,1,1e-12,9.5e-13
75,2,0.282245,0.29710000000095
75,3,0.54454,0.27610000000095003
75,4,0.768645,0.23590000000095
75,5,0.94468,0.18530000000094998
75,6,0.99826,0.056400000000949996
75,7,0.92541789,-0.0692
75,8,0.50436526,-0.4
75,9,0.083312632,-0.4
75,10,0.0,-0.079147
75,11,1e-12,9.5e-13
75,12,0.251875,0.26513158000095
75,13,0.631875,0.40000000000095004
75,14,0.886,0.26750000000095003
75,15,1.0,0.12000000000095
75,16,0.84210526,-0.15
75,17,0.42105263,-0.4
75,18,0.0,-0.4
75,19,0.0,0.0
75,20,0.0,0.0
75,21,0.0,0.0
75,22,0.0,0.0
75,23,0.0,-1e-12
76,0,0.38,0.40000000000095004
76,1,0.38,9.5e-13
76,2,0.38,9.5e-13
76,3,0.76,0.40000000000095004
76,4,1.0,0.25263158000095004
76,5,1.0,9.5e-13
76,6,0.80010526,-0.1899
76,7,0.54273684,-0.2445
76,8,0.12168421,-0.4
76,9,0.0,-0.1156
76,10,1e-12,9.5e-13
76,11,0.38,0.40000000000095004
76,12,0.76,0.40000000000095004
76,13,1.0,0.25263158000095004
76,14,1.0,9.5e-13
76,15,1.0,9.5e-13
76,16,0.71347368,-0.2722
76,17,0.29242105,-0.4
76,18,0.0,-0.2778
76,19,0.0,0.0
76,20,0.0,0.0
76,21,0.0,0.0
76,22,1e-12,9.5e-13
76,23,0.0,-1.95e-12
77,0,0.26968421,0.28387812000095003
77,1,0.0,-0.2562
77,2,0.0,0.0
77,3,0.24,0.25263158000095004
77,4,0.24,9.5e-13
77,5,0.62,0.40000000000095004
77,6,1.0,0.40000000000095004
77,7,0.66621711,-0.31709375
77,8,0.33653289,-0.3132
77,9,0.14274342,-0.1841
77,10,0.109375,-0.0317
77,11,0.173975,0.06800000000095001
77,12,0.32892,0.16310000000094999
77,13,0.52101,0.20220000000094998
77,14,0.62,0.10420000000095
77,15,1.0,0.40000000000095004
77,16,0.82021053,-0.1708
77,17,0.41273684,-0.3871
77,18,0.0,-0.3921
77,19,0.0,0.0
77,20,0.0,0.0
77,21,0.0,0.0
77,22,0.0,0.0
77,23,0.0,-1e-12
78,0,0.0,0.0
78,1,1e-12,9.5e-13
78,2,0.24,0.25263158000095004
78,3,0.62,0.40000000000095004
78,4,1.0,0.40000000000095004
78,5,1.0,0.0
78,6,1.0,0.0
78,7,0.83757895,-0.1543
78,8,0.41652632,-0.4
78,9,0.0,-0.3957
78,10,0.0,0.0
78,11,-1.0526316e-12,-1e-12
78,12,-1.0526316e-12,0.0
78,13,0.30764,0.32383158000095
78,14,0.68764,0.40000000000095004
78,15,1.0,0.32880000000095
78,16,0.84210526,-0.15
78,17,0.42105263,-0.4
78,18,0.0,-0.4
78,19,0.0,0.0
78,20,0.0,0.0
78,21,0.0,0.0
78,22,0.0,0.0
78,23,0.0,0.0
79,0,0.0,0.0
79,1,0.0,0.0
79,2,0.0,0.0
79,3,0.0,0.0
79,4,0.0,0.0
79,5,0.0,0.0
79,6,0.0,0.0
79,7,0.38,0.40000000000095004
79,8,0.0,-0.361
79,9,0.0,0.0
79,10,0.0,0.0
79,11,0.0,0.0
79,12,1e-12,9.5e-13
79,13,0.24,0.25263158000095004
79,14,0.62,0.40000000000095004
79,15,1.0,0.40000000000095004
79,16,0.84210526,-0.15
79,17,0.42105263,-0.4
79,18,0.0,-0.4
79,19,0.0,0.0
79,20,0.0,0.0
79,21,0.0,0.0
79,22,0.0,0.0
79,23,0.0,0.0
80,0,0.0,0.0
80,1,0.0,0.0
80,2,0.0,0.0
80,3,0.0,0.0
80,4,0.0,0.0
80,5,0.0,0.0
80,6,0.24,0.25263158000095004
80,7,0.62,0.40000000000095004
80,8,1.0,0.4
80,9,0.62,-0.361
80,10,1.0,0.40000000000095004
80,11,1.0,1.94990192e-12
80,12,1.0,1.9501356e-12
80,13,1.0,9.5e-13
80,14,1.0,9.4943445333e-13
80,15,1.0,1.94990192e-12
80,16,0.84210526,-0.15
80,17,0.42105263,-0.4
80,18,0.0,-0.4
80,19,0.0,0.0
80,20,0.0,0.0
80,21,0.0,0.0
80,22,0.0,0.0
80,23,0.0,0.0
81,0,0.0,0.0
81,1,0.0,0.0
81,2,0.38,0.40000000000095004
81,3,0.76,0.40000000000095004
81,4,0.66884211,-0.0866
81,5,1.0,0.34858726000095
81,6,0.75305263,-0.2346
81,7,0.42105263,-0.3154
81,8,0.0,-0.4
81,9,0.0,0.0
81,10,1e-12,9.5e-13
81,11,0.110325,0.11613158000095
81,12,0.490325,0.40000000000095004
81,13,0.870325,0.40000000000095004
81,14,1.0,0.13650000000095
81,15,1.0,0.0
81,16,0.84210526,-0.15
81,17,0.42105263,-0.4
81,18,0.0,-0.4
81,19,0.0,0.0
81,20,0.0,0.0
81,21,0.0,0.0
81,22,0.0,0.0
81,23,0.0,0.0
82,0,0.0,0.0
82,1,0.0,0.0
82,2,0.38,0.40000000000095004
82,3,0.76,0.40000000000095004
82,4,1.0,0.25263158000095004
82,5,1.0,0.0
82,6,0.84210526,-0.15
82,7,0.42105263,-0.4
82,8,0.0,-0.4
82,9,0.0,0.0
82,10,0.24,0.25263158000095004
82,11,0.62,0.40000000000095004
82,12,1.0,0.40000000000095004
82,13,1.0,9.5e-13
82,14,1.0,-4.9993343e-14
82,15,1.0,-4.9993343e-14
82,16,0.84210526,-0.15
82,17,0.42105263,-0.4
82,18,0.0,-0.4
82,19,0.0,0.0
82,20,0.0,0.0
82,21,0.0,0.0
82,22,0.0,0.0
82,23,0.0,-1e-12
83,0,1e-12,9.5e-13
83,1,0.24,0.25263158000095004
83,2,0.62,0.40000000000095004
83,3,1.0,0.40000000000095004
83,4,1.0,9.5e-13
83,5,1.0,0.0
83,6,0.57894737,-0.4
83,7,0.57894737,0.0
83,8,0.57894737,9.5e-13
83,9,0.57894737,9.5e-13
83,10,0.95894737,0.40000000000095004
83,11,0.95894737,9.5e-13
83,12,1.0,0.043213296000949995
83,13,1.0,9.5e-13
83,14,1.0,-4.9993343e-14
83,15,1.0,0.0
83,16,0.84210526,-0.15
83,17,0.42105263,-0.4
83,18,0.0,-0.4
83,19,1e-12,9.5e-13
83,20,0.0,-9.5e-13
83,21,0.0,0.0
83,22,0.0,0.0
83,23,0.0,-1e-12
84,0,0.38,0.4
84,1,0.38,9.5e-13
84,2,0.62,0.25263158000095004
84,3,1.0,0.40000000000095004
84,4,1.0,9.5e-13
84,5,1.0,-9.4997898e-13
84,6,1.0,9.5e-13
84,7,0.63284211,-0.3488
84,8,0.21178947,-0.4
84,9,0.0,-0.2012
84,10,0.0,0.0
84,11,1e-12,9.5e-13
84,12,0.24,0.25263158000095004
84,13,0.62,0.40000000000095004
84,14,1.0,0.4
84,15,1.0,0.0
84,16,0.84210526,-0.15
84,17,0.42105263,-0.4
84,18,0.0,-0.4
84,19,0.0,0.0
84,20,0.0,0.0
84,21,0.0,0.0
84,22,0.0,0.0
84,23,0.0,-1e-12
85,0,0.38,0.40000000000095004
85,1,0.17947368,-0.1905
85,2,0.55947368,0.40000000000095004
85,3,0.93947368,0.40000000000095004
85,4,0.93947368,9.5e-13
85,5,1.0,0.06371191100095
85,6,1.0,1.94990192e-12
85,7,0.57894737,-0.4
85,8,0.51494737,-0.0608
85,9,0.51494737,0.0
85,10,0.51494737,9.5e-13
85,11,0.51494737,9.5e-13
85,12,0.51494737,9.5e-13
85,13,0.86871,0.37238172000095004
85,14,1.0,0.13820000000094998
85,15,1.0,-4.9993343e-14
85,16,0.84210526,-0.15
85,17,0.42105263,-0.4
85,18,0.0,-0.4
85,19,1e-12,9.5e-13
85,20,0.30821053,0.32443213000095
85,21,0.0,-0.2928
85,22,0.17547368,0.18470914000094998
85,23,0.0,-0.1667
86,0,0.0,0.0
86,1,0.0,0.0
86,2,1e-12,9.5e-13
86,3,0.0,-9.5e-13
86,4,0.0,0.0
86,5,0.24,0.25263158000095004
86,6,0.62,0.40000000000095004
86,7,1.0,0.40000000000095004
86,8,0.90031579,-0.0947
86,9,0.62,-0.2663
86,10,1.0,0.4
86,11,1.0,-1.0000778e-12
86,12,0.57894737,-0.4
86,13,0.75376,0.18401330000094998
86,14,1.0,0.25920000000095
86,15,1.0,-4.9993343e-14
86,16,0.84210526,-0.15
86,17,0.42105263,-0.4
86,18,0.0,-0.4
86,19,0.0,0.0
86,20,0.38,0.40000000000095004
86,21,0.0,-0.361
86,22,0.0,0.0
86,23,0.0,-1e-12
87,0,0.38,0.4
87,1,0.0,-0.361
87,2,0.0,0.0
87,3,1e-12,9.5e-13
87,4,0.32221053,0.33916898000095
87,5,0.0,-0.3061
87,6,0.0,0.0
87,7,0.0,0.0
87,8,0.0,0.0
87,9,0.0,0.0
87,10,0.34713,0.3654
87,11,0.62,0.28723158
87,12,1.0,0.4
87,13,1.0,9.5e-13
87,14,1.0,-4.9993343e-14
87,15,1.0,-4.9993343e-14
87,16,0.84210526,-0.15
87,17,0.42105263,-0.4
87,18,0.0,-0.4
87,19,1e-12,9.5e-13
87,20,0.0,-9.5e-13
87,21,0.0,0.0
87,22,0.0,0.0
87,23,0.0,-1e-12
88,0,1e-12,9.5e-13
88,1,0.0,-9.5e-13
88,2,0.24,0.25263158000095004
88,3,0.62,0.40000000000095004
88,4,1.0,0.40000000000095004
88,5,1.0,-4.9993343e-14
88,6,1.0,9.9990192e-13
88,7,0.68607474,-0.298229
88,8,0.27449579,-0.391
88,9,0.16818,-0.101
88,10,0.357515,0.19930000000095
88,11,0.6751,0.33430000000095
88,12,0.961145,0.30110000000095
88,13,1.0,0.040900000000949996
88,14,1.0,-4.9993343e-14
88,15,1.0,0.0
88,16,0.84210526,-0.15
88,17,0.42105263,-0.4
88,18,0.0,-0.4
88,19,0.0,0.0
88,20,0.0,0.0
88,21,0.0,0.0
88,22,0.0,0.0
88,23,0.0,-1e-12
89,0,0.38,0.40000000000095004
89,1,0.62,0.25263158000095004
89,2,1.0,0.40000000000095004
89,3,1.0,9.5e-13
89,4,1.0,0.0
89,5,1.0,1.94990192e-12
89,6,1.0,1.94966818e-12
89,7,1.0,-3.7047809e-12
89,8,0.756705,-0.23113025
89,9,0.756705,0.0
89,10,0.756705,9.5e-13
89,11,0.85218,0.10050000000095001
89,12,1.0,0.15560000000094998
89,13,1.0,9.5e-13
89,14,1.0,9.5e-13
89,15,1.0,9.5e-13
89,16,0.84210526,-0.15
89,17,0.42105263,-0.4
89,18,0.0,-0.4
89,19,0.0,0.0
89,20,0.0,0.0
89,21,0.0,0.0
89,22,1e-12,9.5e-13
89,23,0.0,-9.5e-13
90,0,0.38,0.4
90,1,0.38,9.5e-13
90,2,0.62,0.25263158000095004
90,3,0.62,9.5e-13
90,4,1.0,0.40000000000095004
90,5,1.0,9.5e-13
90,6,0.57894737,-0.4
90,7,0.48326316,-0.0909
90,8,0.062210526,-0.4
90,9,0.0,-0.0591
90,10,1e-12,9.5e-13
90,11,0.38,0.40000000000095004
90,12,0.76,0.40000000000095004
90,13,1.0,0.25263158000095004
90,14,1.0,9.5e-13
90,15,1.0,1.94990192e-12
90,16,0.84210526,-0.15
90,17,0.42105263,-0.4
90,18,0.0,-0.4
90,19,0.0,0.0
90,20,1e-12,9.5e-13
90,21,0.0,-9.5e-13
90,22,1e-12,9.5e-13
90,23,0.0,-1.95e-12
91,0,0.0,0.0
91,1,0.082105263,0.08642659300095
91,2,0.46210526,0.40000000000095004
91,3,0.84210526,0.40000000000095004
91,4,0.84210526,9.5e-13
91,5,0.84210526,9.5e-13
91,6,0.42105263,-0.4
91,7,0.42105263,9.5e-13
91,8,0.0,-0.4
91,9,0.0,0.0
91,10,0.286615,0.30170000000095004
91,11,0.666615,0.40000000000095004
91,12,1.0,0.35093158000095004
91,13,1.0,-4.9993343e-14
91,14,1.0,-4.9993343e-14
91,15,1.0,-1.0000778e-12
91,16,0.57894737,-0.4
91,17,0.15789474,-0.4
91,18,0.0,-0.15
91,19,0.0,0.0
91,20,0.0,0.0
91,21,0.0,0.0
91,22,1e-12,9.5e-13
91,23,0.0,-1.95e-12
92,0,1e-12,9.5e-13
92,1,2e-12,9.5e-13
92,2,0.056044474,0.058994183000949996
92,3,0.43604447,0.40000000000095004
92,4,0.81604447,0.40000000000095004
92,5,0.81604447,9.5e-13
92,6,0.81604447,9.5e-13
92,7,0.39499184,-0.4
92,8,0.086781316,-0.2928
92,9,0.024255,-0.0594
92,10,0.155545,0.13820000000094998
92,11,0.42031,0.27870000000095
92,12,0.72374,0.31940000000095004
92,13,0.954875,0.24330000000094998
92,14,1.0,0.04750000000095
92,15,1.0,-4.9993343e-14
92,16,0.84210526,-0.15
92,17,0.42105263,-0.4
92,18,0.0,-0.4
92,19,0.0,0.0
92,20,1e-12,9.5e-13
92,21,0.0,-9.5e-13
92,22,1e-12,9.5e-13
92,23,0.0,-1.95e-12
93,0,0.38,0.40000000000095004
93,1,0.38,9.5e-13
93,2,0.62,0.25263158000095004
93,3,0.62,9.5e-13
93,4,1.0,0.40000000000095004
93,5,1.0,9.5e-13
93,6,1.0,0.0
93,7,1.0,9.5e-13
93,8,0.93055474,-0.065973
93,9,0.85066,-0.0759
93,10,0.88049,0.031400000000949994
93,11,0.944995,0.06790000000095
93,12,0.97055,0.02690000000095
93,13,1.0,0.03100000000095
93,14,1.0,-5.0204285e-14
93,15,1.0,-1.0000778e-12
93,16,0.57894737,-0.4
93,17,0.15789474,-0.4
93,18,0.0,-0.15
93,19,0.0,0.0
93,20,0.0,0.0
93,21,0.0,0.0
93,22,1e-12,9.5e-13
93,23,0.0,-1.95e-12
94,0,0.38,0.4
94,1,0.0,-0.361
94,2,1e-12,9.5e-13
94,3,2e-12,9.5e-13
94,4,3e-12,9.5e-13
94,5,0.38,0.40000000000095004
94,6,0.38,9.5e-13
94,7,0.38,9.5e-13
94,8,0.62,0.25263158000095004
94,9,0.62,9.5e-13
94,10,0.62,9.5e-13
94,11,0.62,9.5e-13
94,12,1.0,0.40000000000095004
94,13,1.0,-4.97824e-14
94,14,1.0,0.0
94,15,1.0,-9.9986686e-13
94,16,0.57894737,-0.4
94,17,0.15789474,-0.4
94,18,0.0,-0.15
94,19,0.0,0.0
94,20,1e-12,9.5e-13
94,21,2e-12,9.5e-13
94,22,0.0,-1.9e-12
94,23,0.0,-1e-12
95,0,1e-12,9.5e-13
95,1,2e-12,9.5e-13
95,2,0.24,0.25263158000095004
95,3,0.62,0.40000000000095004
95,4,1.0,0.40000000000095004
95,5,1.0,1.94990192e-12
95,6,1.0,9.5e-13
95,7,1.0,9.5e-13
95,8,1.0,9.5e-13
95,9,1.0,9.5e-13
95,10,1.0,1.9494344500000003e-12
95,11,1.0,9.5e-13
95,12,1.0,9.5e-13
95,13,1.0,9.5e-13
95,14,1.0,-1.130514e-11
95,15,1.0,9.5e-13
95,16,0.84210526,-0.15
95,17,0.42105263,-0.4
95,18,0.0,-0.4
95,19,0.0,0.0
95,20,1e-12,9.5e-13
95,21,0.0,-9.5e-13
95,22,1e-12,9.5e-13
95,23,0.0,-1.95e-12
96,0,1e-12,9.5e-13
96,1,2e-12,9.5e-13
96,2,0.24,0.25263158000095004
96,3,0.62,0.40000000000095004
96,4,1.0,0.40000000000095004
96,5,1.0,1.94990192e-12
96,6,1.0,9.5e-13
96,7,0.65705263,-0.3258
96,8,0.24757895,-0.389
96,9,0.0,-0.2352
96,10,0.12046,0.12680000000095
96,11,0.50046,0.40000000000095004
96,12,0.88046,0.40000000000095004
96,13,1.0,0.12583158000095
96,14,1.0,-9.4997898e-13
96,15,1.0,9.5e-13
96,16,0.57894737,-0.4
96,17,0.15789474,-0.4
96,18,0.0,-0.15
96,19,1e-12,9.5e-13
96,20,0.0,-9.5e-13
96,21,0.0,0.0
96,22,0.0,0.0
96,23,0.0,-1e-12
97,0,0.0,0.0
97,1,1e-12,9.5e-13
97,2,0.38,0.40000000000095004
97,3,0.62,0.25263158000095004
97,4,0.62,9.5e-13
97,5,1.0,0.40000000000095004
97,6,1.0,1.0000778e-12
97,7,1.0,-1.0000778e-12
97,8,1.0,0.0
97,9,1.0,1.94990192e-12
97,10,1.0,9.5e-13
97,11,1.0,9.5e-13
97,12,1.0,9.5e-13
97,13,1.0,9.5e-13
97,14,1.0,9.5e-13
97,15,1.0,-6.6029182e-12
97,16,0.57894737,-0.4
97,17,0.15789474,-0.4
97,18,0.0,-0.15
97,19,0.0,0.0
97,20,1e-12,9.5e-13
97,21,0.0,-9.5e-13
97,22,0.0,0.0
97,23,0.0,-1e-12
98,0,1e-12,9.5e-13
98,1,0.0,-9.5e-13
98,2,0.24,0.25263158000095004
98,3,0.62,0.40000000000095004
98,4,1.0,0.40000000000095004
98,5,1.0,-5.0204285e-14
98,6,1.0,9.9990192e-13
98,7,0.57894737,-0.4
98,8,0.15789474,-0.4
98,9,0.16435474,0.0068
98,10,0.51898974,0.37330000000095004
98,11,0.89898974,0.40000000000095004
98,12,0.89898974,9.5e-13
98,13,0.89898974,9.5e-13
98,14,1.0,0.10632659000095
98,15,1.0,-5.0204285e-14
98,16,0.84210526,-0.15
98,17,0.42105263,-0.4
98,18,0.0,-0.4
98,19,0.0,0.0
98,20,0.0,0.0
98,21,0.0,0.0
98,22,0.0,0.0
98,23,0.0,-1e-12
99,0,0.0,0.0
99,1,0.0,0.0
99,2,1e-12,9.5e-13
99,3,0.24,0.25263158000095004
99,4,0.62,0.40000000000095004
99,5,1.0,0.40000000000095004
99,6,1.0,-1.0000778e-12
99,7,1.0,0.0
99,8,1.0,0.0
99,9,0.67684211,-0.307
99,10,0.62,-0.054
99,11,0.62,9.5e-13
99,12,0.62,9.5e-13
99,13,0.62,9.5e-13
99,14,0.62,0.0
99,15,1.0,0.4
99,16,0.84210526,-0.15
99,17,0.42105263,-0.4
99,18,0.0,-0.4
99,19,0.0,0.0
99,20,0.0,0.0
99,21,0.0,0.0
99,22,1e-12,9.5e-13
99,23,0.0,-1.95e-12
100,0,0.38,0.4
100,1,0.0,-0.361
100,2,1e-12,9.5e-13
100,3,0.24,0.25263158000095004
100,4,0.62,0.40000000000095004
100,5,1.0,0.40000000000095004
100,6,1.0,1.94966818e-12
100,7,1.0,-1.852285e-12
100,8,0.77442105,-0.2143
100,9,0.77442105,0.0
100,10,0.77442105,9.5e-13
100,11,1.0,0.23745152000095
100,12,1.0,9.5e-13
100,13,1.0,-1.8500701e-12
100,14,1.0,9.5e-13
100,15,1.0,-4.9993343e-14
100,16,0.70884211,-0.2766
100,17,0.34063158,-0.3498
100,18,0.0,-0.3236
100,19,0.0,0.0
100,20,0.0,0.0
100,21,1e-12,9.5e-13
100,22,0.0,-9.5e-13
100,23,0.0,-1e-12
101,0,1e-12,9.5e-13
101,1,0.0,-9.5e-13
101,2,1e-12,9.5e-13
101,3,2e-12,9.5e-13
101,4,0.067425789,0.07097451500095
101,5,0.44742579,0.40000000000095004
101,6,0.82742579,0.40000000000095004
101,7,0.82742579,9.5e-13
101,8,0.82742579,9.5e-13
101,9,0.82742579,9.5e-13
101,10,0.75605737,-0.0678
101,11,0.74711,-0.0085
101,12,0.87004,0.12940000000094998
101,13,1.0,0.13680000000095
101,14,1.0,-4.9993343e-14
101,15,1.0,-4.9993343e-14
101,16,0.59694737,-0.3829
101,17,0.17589474,-0.4
101,18,0.0,-0.1671
101,19,0.0,0.0
101,20,0.0,0.0
101,21,0.0,0.0
101,22,0.0,0.0
101,23,0.0,-1e-12
102,0,1e-12,9.5e-13
102,1,2e-12,9.5e-13
102,2,3e-12,9.5e-13
102,3,0.38,0.40000000000095004
102,4,0.62,0.25263158000095004
102,5,1.0,0.40000000000095004
102,6,0.77473684,-0.214
102,7,0.39810526,-0.3578
102,8,0.0,-0.3782
102,9,1e-12,9.5e-13
102,10,0.38,0.40000000000095004
102,11,0.76,0.40000000000095004
102,12,1.0,0.25263158000095004
102,13,1.0,9.5e-13
102,14,1.0,9.5e-13
102,15,1.0,-4.9993343e-14
102,16,0.57894737,-0.4
102,17,0.15789474,-0.4
102,18,0.0,-0.15
102,19,0.0,0.0
102,20,0.0,0.0
102,21,1e-12,9.5e-13
102,22,0.0,-9.5e-13
102,23,0.0,-1e-12
103,0,0.24,0.25263158000095004
103,1,0.24,9.5e-13
103,2,0.62,0.40000000000095004
103,3,0.62,9.5e-13
103,4,1.0,0.40000000000095004
103,5,1.0,1.94990192e-12
103,6,1.0,1.94966818e-12
103,7,0.57894737,-0.4
103,8,0.15789474,-0.4
103,9,0.15789474,9.5e-13
103,10,0.24,0.08642659300095
103,11,0.24,9.5e-13
103,12,0.62,0.40000000000095004
103,13,1.0,0.40000000000095004
103,14,1.0,0.0
103,15,1.0,-1.0000778e-12
103,16,0.57894737,-0.4
103,17,0.15789474,-0.4
103,18,0.0,-0.15
103,19,0.0,0.0
103,20,1e-12,9.5e-13
103,21,0.0,-9.5e-13
103,22,1e-12,9.5e-13
103,23,0.0,-1.95e-12
104,0,0.24,0.25263158000095004
104,1,0.24,9.5e-13
104,2,0.24,9.5e-13
104,3,0.62,0.40000000000095004
104,4,1.0,0.40000000000095004
104,5,1.0,-1.0000778e-12
104,6,0.73663158,-0.2502
104,7,0.31557895,-0.4
104,8,0.0,-0.2998
104,9,0.0,0.0
104,10,0.15393,0.16203158000095
104,11,0.53393,0.40000000000095004
104,12,0.891795,0.37670000000095
104,13,1.0,0.11390000000095
104,14,1.0,-4.9993343e-14
104,15,1.0,0.0
104,16,0.57894737,-0.4
104,17,0.15789474,-0.4
104,18,0.0,-0.15
104,19,0.0,0.0
104,20,0.0,0.0
104,21,1e-12,9.5e-13
104,22,0.0,-9.5e-13
104,23,0.0,-1e-12
105,0,0.38,0.40000000000095004
105,1,0.38,9.5e-13
105,2,0.61778947,0.25030471000095
105,3,0.99778947,0.40000000000095004
105,4,0.99778947,9.5e-13
105,5,0.89,-0.1024
105,6,0.65189474,-0.2262
105,7,0.28578947,-0.3478
105,8,0.0,-0.2715
105,9,0.0,0.0
105,10,1e-12,9.5e-13
105,11,0.24,0.25263158000095004
105,12,0.62,0.40000000000095004
105,13,1.0,0.40000000000095004
105,14,1.0,9.5e-13
105,15,1.0,-4.9993343e-14
105,16,0.57894737,-0.4
105,17,0.15789474,-0.4
105,18,0.0,-0.15
105,19,0.0,0.0
105,20,0.0,0.0
105,21,0.0,0.0
105,22,0.0,0.0
105,23,0.0,-1e-12
106,0,0.38,0.40000000000095004
106,1,0.38,9.5e-13
106,2,0.38,9.5e-13
106,3,0.76,0.40000000000095004
106,4,1.0,0.25263158000095004
106,5,1.0,-4.9993343e-14
106,6,0.84210526,-0.15
106,7,0.42105263,-0.4
106,8,0.0,-0.4
106,9,0.0,0.0
106,10,0.09275,0.09763157900095
106,11,0.47275,0.40000000000095004
106,12,0.81608,0.36140000000095
106,13,1.0,0.19360000000094998
106,14,1.0,-1.0000778e-12
106,15,1.0,0.0
106,16,0.57894737,-0.4
106,17,0.15789474,-0.4
106,18,0.0,-0.15
106,19,0.0,0.0
106,20,0.0,0.0
106,21,0.0,0.0
106,22,0.0,0.0
106,23,0.0,-1e-12
107,0,1e-12,9.5e-13
107,1,0.0,-9.5e-13
107,2,1e-12,9.5e-13
107,3,2e-12,9.5e-13
107,4,0.24,0.25263158000095004
107,5,0.62,0.40000000000095004
107,6,0.62,9.5e-13
107,7,0.62,9.5e-13
107,8,0.62,9.5e-13
107,9,1.0,0.40000000000095004
107,10,1.0,9.5e-13
107,11,1.0,9.5e-13
107,12,1.0,-2.8501479e-12
107,13,1.0,9.5e-13
107,14,1.0,0.0
107,15,1.0,0.0
107,16,0.84210526,-0.15
107,17,0.42105263,-0.4
107,18,0.0,-0.4
107,19,0.0,0.0
107,20,1e-12,9.5e-13
107,21,0.0,-9.5e-13
107,22,0.0,0.0
107,23,0.0,-1e-12
108,0,-1.0526316e-12,-1e-12
108,1,0.0,1e-12
108,2,0.0,0.0
108,3,0.0,0.0
108,4,0.0,0.0
108,5,0.016625,0.0175
108,6,0.09386,0.0813
108,7,0.21622,0.1288
108,8,0.454955,0.2513
108,9,0.62,0.17373158
108,10,0.62,0.0
108,11,1.0,0.4
108,12,1.0,0.0
108,13,1.0,0.0
108,14,1.0,0.0
108,15,1.0,0.0
108,16,0.81747368,-0.1734
108,17,0.42105263,-0.3766
108,18,0.0,-0.4
108,19,0.0,0.0
108,20,0.0,0.0
108,21,0.0,0.0
108,22,0.0,0.0
108,23,0.0,0.0
109,0,0.0405,0.04263157900095
109,1,0.0405,9.5e-13
109,2,0.348395,0.32410000000095
109,3,0.676905,0.34580000000095
109,4,1.0,0.34010000000095003
109,5,1.0,1.94966818e-12
109,6,1.0,9.5e-13
109,7,0.98768421,-0.0117
109,8,0.98768421,0.0
109,9,0.80583263,-0.172759
109,10,0.38478,-0.4
109,11,0.38478,9.5e-13
109,12,0.38478,9.5e-13
109,13,0.38478,9.5e-13
109,14,0.76478,0.40000000000095004
109,15,1.0,0.24760000000094998
109,16,0.84210526,-0.15
109,17,0.42105263,-0.4
109,18,0.0,-0.4
109,19,0.0,0.0
109,20,1e-12,9.5e-13
109,21,0.0,-9.5e-13
109,22,1e-12,9.5e-13
109,23,0.0,-1.95e-12
110,0,0.17822,0.18760000000094998
110,1,0.35929,0.19060000000094998
110,2,0.54853,0.19920000000094998
110,3,0.745085,0.20690000000095
110,4,0.834035,0.09363157900095001
110,5,1.0,0.17470000000094998
110,6,1.0,1.94966818e-12
110,7,0.932,-0.0646
110,8,0.51094737,-0.4
110,9,0.089894737,-0.4
110,10,0.46989474,0.40000000000095004
110,11,0.62,0.15800554000095
110,12,1.0,0.40000000000095004
110,13,1.0,4.1661408e-12
110,14,1.0,-5.0204285e-14
110,15,1.0,-4.9993343e-14
110,16,0.75947368,-0.2285
110,17,0.48452632,-0.2612
110,18,0.17968421,-0.2896
110,19,0.0,-0.1707
110,20,0.0,0.0
110,21,0.0,0.0
110,22,0.0,0.0
110,23,0.0,-1e-12
111,0,0.38,0.40000000000095004
111,1,0.38,9.5e-13
111,2,0.38,9.5e-13
111,3,0.62,0.25263158000095004
111,4,1.0,0.40000000000095004
111,5,1.0,9.5e-13
111,6,1.0,1.94966818e-12
111,7,0.72536842,-0.2609
111,8,0.30431579,-0.4
111,9,0.0,-0.2891
111,10,0.0,0.0
111,11,0.24,0.25263158000095004
111,12,0.62,0.40000000000095004
111,13,1.0,0.40000000000095004
111,14,1.0,9.5e-13
111,15,1.0,0.0
111,16,0.57894737,-0.4
111,17,0.15789474,-0.4
111,18,0.0,-0.15
111,19,0.0,0.0
111,20,0.0,0.0
111,21,0.0,0.0
111,22,0.0,0.0
111,23,0.0,-1e-12
112,0,0.0,0.0
112,1,1e-12,9.5e-13
112,2,0.38,0.40000000000095004
112,3,0.76,0.40000000000095004
112,4,1.0,0.25263158000095004
112,5,1.0,1.94990192e-12
112,6,1.0,1.94966818e-12
112,7,0.57894737,-0.4
112,8,0.15789474,-0.4
112,9,0.0,-0.15
112,10,0.0,0.0
112,11,1e-12,9.5e-13
112,12,0.38,0.40000000000095004
112,13,0.62,0.25263158000095004
112,14,1.0,0.40000000000095004
112,15,1.0,0.0
112,16,0.84210526,-0.15
112,17,0.42105263,-0.4
112,18,0.0,-0.4
112,19,0.0,0.0
112,20,1e-12,9.5e-13
112,21,0.0,-9.5e-13
112,22,0.0,0.0
112,23,0.0,-1e-12
113,0,0.24,0.25263158000095004
113,1,0.24,0.0
113,2,0.24,9.5e-13
113,3,0.24,9.5e-13
113,4,0.62,0.40000000000095004
113,5,1.0,0.40000000000095004
113,6,1.0,9.9990192e-13
113,7,0.57894737,-0.4
113,8,0.15789474,-0.4
113,9,0.0,-0.15
113,10,1e-12,9.5e-13
113,11,0.127615,0.13433158000095
113,12,0.507615,0.40000000000095004
113,13,0.887615,0.40000000000095004
113,14,1.0,0.11830000000095
113,15,1.0,-4.9993343e-14
113,16,0.84210526,-0.15
113,17,0.42105263,-0.4
113,18,0.0,-0.4
113,19,1e-12,9.5e-13
113,20,0.0,-9.5e-13
113,21,0.0,0.0
113,22,1e-12,9.5e-13
113,23,0.0,-1.95e-12
114,0,0.057789474,0.060831025000949994
114,1,0.057789474,0.0
114,2,0.057789474,9.5e-13
114,3,0.028210526,-0.0281
114,4,0.028210526,9.5e-13
114,5,0.028210526,9.5e-13
114,6,0.028210526,0.0
114,7,0.028210526,9.5e-13
114,8,0.028210526,9.5e-13
114,9,0.0,-0.0268
114,10,1e-12,9.5e-13
114,11,0.04107,0.043231579000949996
114,12,0.42107,0.40000000000095004
114,13,0.80107,0.40000000000095004
114,14,1.0,0.20940000000095
114,15,1.0,-4.9993343e-14
114,16,0.63168421,-0.3499
114,17,0.21063158,-0.4
114,18,0.0,-0.2001
114,19,0.0,0.0
114,20,1e-12,9.5e-13
114,21,0.0,-9.5e-13
114,22,0.0,0.0
114,23,0.0,-1e-12
115,0,0.02204,0.02320000000095
115,1,0.011829474,-0.0097
115,2,0.24,0.2401795
115,3,0.62,0.40000000000095004
115,4,0.62,9.5e-13
115,5,0.62,9.5e-13
115,6,1.0,0.40000000000095004
115,7,0.84789474,-0.1445
115,8,0.71052632,-0.1305
115,9,0.71052632,9.5e-13
115,10,1.0,0.30470914000095
115,11,1.0,9.5e-13
115,12,1.0,9.5e-13
115,13,1.0,9.5e-13
115,14,1.0,9.5e-13
115,15,1.0,-4.9993343e-14
115,16,0.71105263,-0.2745
115,17,0.31810526,-0.3733
115,18,0.0,-0.3022
115,19,0.0,0.0
115,20,1e-12,9.5e-13
115,21,0.0,-9.5e-13
115,22,0.0,0.0
115,23,0.0,-1e-12
116,0,0.14668,0.15440000000095
116,1,0.288895,0.14970000000095
116,2,0.434435,0.15320000000095
116,3,0.76117,0.34393158000095003
116,4,0.898445,0.14450000000094998
116,5,1.0,0.10690000000095
116,6,0.97842105,-0.0205
116,7,0.97569184,-0.00259275
116,8,0.71958658,-0.2433
116,9,0.55190237,-0.1593
116,10,0.542955,-0.0085
116,11,0.693435,0.15840000000095
116,12,0.91013,0.22810000000095
116,13,1.0,0.09460000000095001
116,14,1.0,-9.4997898e-13
116,15,1.0,9.5e-13
116,16,0.84210526,-0.15
116,17,0.42105263,-0.4
116,18,0.0,-0.4
116,19,1e-12,9.5e-13
116,20,1e-12,0.0
116,21,0.0,-9.5e-13
116,22,1e-12,9.5e-13
116,23,0.0,-1.95e-12
117,0,0.38,0.40000000000095004
117,1,0.38,9.5e-13
117,2,0.38,9.5e-13
117,3,0.602045,0.23373158000094998
117,4,0.982045,0.40000000000095004
117,5,1.0,0.01890000000095
117,6,0.89421053,-0.1005
117,7,0.64810526,-0.2338
117,8,0.42505263,-0.2119
117,9,0.42505263,9.5e-13
117,10,0.62,0.20520776000094998
117,11,1.0,0.40000000000095004
117,12,1.0,9.5e-13
117,13,1.0,9.5e-13
117,14,1.0,-1.8499646e-12
117,15,1.0,-5.0204285e-14
117,16,0.57894737,-0.4
117,17,0.15789474,-0.4
117,18,0.0,-0.15
117,19,0.0,0.0
117,20,0.0,0.0
117,21,0.0,0.0
117,22,0.0,0.0
117,23,0.0,-1e-12
118,0,0.38,0.4
118,1,0.38,9.5e-13
118,2,0.38,9.5e-13
118,3,0.38,9.5e-13
118,4,0.62,0.25263158000095004
118,5,1.0,0.40000000000095004
118,6,1.0,-4.9993343e-14
118,7,0.57894737,-0.4
118,8,0.15789474,-0.4
118,9,0.0,-0.15
118,10,1e-12,9.5e-13
118,11,0.24,0.25263158000095004
118,12,0.62,0.40000000000095004
118,13,1.0,0.40000000000095004
118,14,1.0,-9.9986686e-13
118,15,1.0,9.9990192e-13
118,16,0.57894737,-0.4
118,17,0.15789474,-0.4
118,18,0.0,-0.15
118,19,0.0,0.0
118,20,0.0,0.0
118,21,1e-12,9.5e-13
118,22,0.38,0.40000000000095004
118,23,0.0,-0.361
119,0,1e-12,9.5e-13
119,1,2e-12,9.5e-13
119,2,0.24,0.25263158000095004
119,3,0.62,0.40000000000095004
119,4,1.0,0.40000000000095004
119,5,1.0,9.5e-13
119,6,1.0,9.5e-13
119,7,1.0,9.5e-13
119,8,1.0,1.94966818e-12
119,9,1.0,9.5e-13
119,10,1.0,9.5e-13
119,11,1.0,1.94966818e-12
119,12,1.0,9.5e-13
119,13,1.0,9.5e-13
119,14,1.0,0.0
119,15,1.0,-9.4050767e-12
119,16,0.57894737,-0.4
119,17,0.20957895,-0.3509
119,18,0.0,-0.1991
119,19,0.0,0.0
119,20,0.0,0.0
119,21,0.0,0.0
119,22,0.0,0.0
119,23,0.0,-1e-12
120,0,0.02128,0.02240000000095
120,1,0.021945,0.0007000000009499999
120,2,0.401945,0.4
120,3,0.62,0.22953158000095
120,4,1.0,0.40000000000095004
120,5,1.0,1.94990192e-12
120,6,1.0,1.94966818e-12
120,7,0.66778947,-0.3156
120,8,0.26189474,-0.3856
120,9,0.0,-0.2488
120,10,0.0,0.0
120,11,0.02337,0.02460000000095
120,12,0.02337,9.5e-13
120,13,0.24,0.22803158000095
120,14,0.62,0.40000000000095004
120,15,1.0,0.40000000000095004
120,16,0.72778947,-0.2586
120,17,0.30673684,-0.4
120,18,0.0,-0.2914
120,19,0.0,0.0
120,20,1e-12,9.5e-13
120,21,0.0,-9.5e-13
120,22,0.0,0.0
120,23,0.0,-1e-12
121,0,0.052755,0.055531579000949995
121,1,0.259855,0.21800000000095
121,2,0.44976,0.19990000000094998
121,3,0.63539,0.19540000000094998
121,4,0.80962,0.18340000000095
121,5,0.93901,0.13620000000094998
121,6,1.0,0.06420000000095
121,7,1.0,1.94966818e-12
121,8,1.0,9.5e-13
121,9,0.93511395,-0.06164175
121,10,0.919535,-0.0148
121,11,0.969125,0.05220000000095
121,12,1.0,0.03250000000095
121,13,1.0,-9.4997898e-13
121,14,1.0,9.5e-13
121,15,1.0,0.0
121,16,0.76147368,-0.2266
121,17,0.34042105,-0.4
121,18,0.0,-0.3234
121,19,0.0,0.0
121,20,0.0,0.0
121,21,1e-12,9.5e-13
121,22,0.0,-9.5e-13
121,23,0.0,-1e-12
122,0,0.102125,0.10750000000095
122,1,0.186705,0.08903157900095
122,2,0.26698,0.08450000000095001
122,3,0.36578,0.10400000000095
122,4,0.54248,0.18600000000095
122,5,0.777795,0.24770000000095
122,6,0.777795,9.5e-13
122,7,1.0,0.23390000000095
122,8,1.0,9.5e-13
122,9,1.0,0.0
122,10,1.0,9.5e-13
122,11,1.0,9.5e-13
122,12,1.0,9.5e-13
122,13,1.0,9.5e-13
122,14,0.945375,-0.05189375
122,15,1.0,0.05750000000095
122,16,0.57894737,-0.4
122,17,0.42105263,-0.15
122,18,0.0,-0.4
122,19,0.0,0.0
122,20,1e-12,9.5e-13
122,21,0.0,-9.5e-13
122,22,0.0,0.0
122,23,0.0,-1e-12
123,0,0.312455,0.32890000000095004
123,1,0.3749,0.06573157900095
123,2,0.68783,0.32940000000095004
123,3,1.0,0.32860000000095
123,4,1.0,9.5e-13
123,5,1.0,-1.0000778e-12
123,6,1.0,1.94966818e-12
123,7,1.0,-1.852285e-12
123,8,0.66105263,-0.322
123,9,0.24,-0.4
123,10,0.24,9.5e-13
123,11,0.62,0.40000000000095004
123,12,1.0,0.40000000000095004
123,13,1.0,9.5e-13
123,14,1.0,9.5e-13
123,15,1.0,-4.9993343e-14
123,16,0.78715789,-0.2022
123,17,0.42105263,-0.3478
123,18,0.0,-0.4
123,19,1e-12,9.5e-13
123,20,0.0,-9.5e-13
123,21,0.0,0.0
123,22,1e-12,9.5e-13
123,23,0.0,-1.95e-12
124,0,0.0,0.0
124,1,0.0,0.0
124,2,1e-12,9.5e-13
124,3,0.24,0.25263158000095004
124,4,0.62,0.40000000000095004
124,5,1.0,0.40000000000095004
124,6,1.0,1.94990192e-12
124,7,1.0,-1.8524959e-12
124,8,1.0,0.0
124,9,1.0,0.0
124,10,1.0,0.0
124,11,1.0,9.5e-13
124,12,1.0,9.5e-13
124,13,1.0,9.5e-13
124,14,1.0,-3.8002324e-12
124,15,1.0,9.5e-13
124,16,0.57894737,-0.4
124,17,0.15789474,-0.4
124,18,0.0,-0.15
124,19,0.0,0.0
124,20,0.0,0.0
124,21,0.0,0.0
124,22,0.0,0.0
124,23,0.0,-1e-12
125,0,1e-12,9.5e-13
125,1,0.0,-9.5e-13
125,2,0.38,0.40000000000095004
125,3,0.76,0.40000000000095004
125,4,1.0,0.25263158000095004
125,5,1.0,1.94990192e-12
125,6,1.0,-1.8524959e-12
125,7,0.57894737,-0.4
125,8,0.15789474,-0.4
125,9,0.0,-0.15
125,10,1e-12,9.5e-13
125,11,0.24,0.25263158000095004
125,12,0.62,0.40000000000095004
125,13,1.0,0.40000000000095004
125,14,1.0,9.5e-13
125,15,1.0,0.0
125,16,0.84210526,-0.15
125,17,0.42105263,-0.4
125,18,0.0,-0.4
125,19,1e-12,9.5e-13
125,20,1e-12,0.0
125,21,0.0,-9.5e-13
125,22,0.0,0.0
125,23,0.0,-1e-12
126,0,0.38,0.4
126,1,0.24,-0.133
126,2,0.62,0.40000000000095004
126,3,1.0,0.40000000000095004
126,4,1.0,1.94990192e-12
126,5,1.0,1.94990192e-12
126,6,1.0,1.9494344500000003e-12
126,7,0.65499921,-0.32775075
126,8,0.23394658,-0.4
126,9,0.019315,-0.2039
126,10,0.200955,0.19120000000095
126,11,0.524715,0.34080000000095
126,12,0.844485,0.33660000000095003
126,13,1.0,0.16370000000095
126,14,1.0,9.5e-13
126,15,1.0,-1.0000778e-12
126,16,0.84210526,-0.15
126,17,0.42105263,-0.4
126,18,0.0,-0.4
126,19,0.0,0.0
126,20,1e-12,9.5e-13
126,21,0.0,-9.5e-13
126,22,0.0,0.0
126,23,0.0,-1e-12
127,0,0.38,0.4
127,1,0.38,9.5e-13
127,2,0.76,0.40000000000095004
127,3,0.76,9.5e-13
127,4,1.0,0.25263158000095004
127,5,1.0,9.5e-13
127,6,1.0,-4.9993343e-14
127,7,1.0,0.0
127,8,0.57894737,-0.4
127,9,0.15789474,-0.4
127,10,0.0,-0.15
127,11,1e-12,9.5e-13
127,12,0.38,0.40000000000095004
127,13,0.76,0.4
127,14,1.0,0.25263158
127,15,1.0,0.0
127,16,0.84210526,-0.15
127,17,0.42105263,-0.4
127,18,0.0,-0.4
127,19,0.0,0.0
127,20,1e-12,9.5e-13
127,21,0.0,-9.5e-13
127,22,0.0,0.0
127,23,0.0,-1e-12
128,0,0.0,0.0
128,1,0.0,0.0
128,2,0.0,0.0
128,3,1e-12,9.5e-13
128,4,0.38,0.40000000000095004
128,5,0.72562,0.36381053000095004
128,6,0.72562,9.5e-13
128,7,0.72562,9.5e-13
128,8,0.30456737,-0.4
128,9,0.01162,-0.2783
128,10,0.05551,0.046200000000949995
128,11,0.17464,0.12540000000095
128,12,0.24,0.06880000000095
128,13,0.62,0.40000000000095004
128,14,1.0,0.40000000000095004
128,15,1.0,0.0
128,16,0.57894737,-0.4
128,17,0.15789474,-0.4
128,18,0.0,-0.15
128,19,0.0,0.0
128,20,0.0,0.0
128,21,0.0,0.0
128,22,0.0,0.0
128,23,0.0,-1e-12
129,0,0.38,0.40000000000095004
129,1,0.14631579,-0.222
129,2,0.14631579,9.5e-13
129,3,0.52631579,0.40000000000095004
129,4,0.62,0.09861495800095
129,5,0.62,9.5e-13
129,6,1.0,0.40000000000095004
129,7,1.0,1.94990192e-12
129,8,1.0,-1.8524959e-12
129,9,0.96536842,-0.0329
129,10,1.0,0.036454294000949995
129,11,1.0,9.5e-13
129,12,1.0,9.5e-13
129,13,1.0,-1.8001822e-12
129,14,1.0,-4.9993343e-14
129,15,1.0,-4.9993343e-14
129,16,0.79736842,-0.1925
129,17,0.38042105,-0.3961
129,18,0.0,-0.3614
129,19,0.0,0.0
129,20,0.0,0.0
129,21,0.0,0.0
129,22,0.011368421,0.011966759000950001
129,23,0.0,-0.0108
130,0,1e-12,9.5e-13
130,1,0.012255,0.01290000000095
130,2,0.392255,0.40000000000095004
130,3,0.772255,0.40000000000095004
130,4,0.918205,0.15363158000094998
130,5,1.0,0.08610000000095
130,6,0.974,-0.0247
130,7,0.81684211,-0.1493
130,8,0.68326316,-0.1269
130,9,0.68326316,9.5e-13
130,10,1.0,0.33340720000095003
130,11,1.0,9.5e-13
130,12,1.0,9.5e-13
130,13,1.0,9.5e-13
130,14,1.0,-4.9993343e-14
130,15,1.0,-4.9993343e-14
130,16,0.60515789,-0.3751
130,17,0.18410526,-0.4
130,18,0.0,-0.1749
130,19,0.0,0.0
130,20,0.0,0.0
130,21,0.0,0.0
130,22,0.0,0.0
130,23,0.0,-1e-12
131,0,0.19342974,0.20361025000094998
131,1,0.29640974,0.10840000000095
131,2,0.41629974,0.12620000000095
131,3,0.54882474,0.13950000000095
131,4,0.68372474,0.14200000000094998
131,5,0.80389974,0.12650000000095
131,6,0.81653474,0.01330000000095
131,7,0.69990316,-0.1108
131,8,0.51653474,-0.1742
131,9,0.40264,-0.1082
131,10,0.47522,0.07640000000095
131,11,0.706925,0.24390000000095
131,12,1.0,0.30850000000095
131,13,1.0,9.5e-13
131,14,1.0,9.5e-13
131,15,1.0,-4.9993343e-14
131,16,0.68631579,-0.298
131,17,0.32557895,-0.3427
131,18,0.0,-0.3093
131,19,0.0,0.0
131,20,0.0,0.0
131,21,0.0,0.0
131,22,0.0,0.0
131,23,0.0,-1e-12
132,0,0.0,0.0
132,1,0.0,0.0
132,2,1e-12,9.5e-13
132,3,0.38,0.40000000000095004
132,4,0.62,0.25263158000095004
132,5,1.0,0.40000000000095004
132,6,1.0,9.5e-13
132,7,1.0,-9.5008446e-13
132,8,0.57894737,-0.4
132,9,0.33,-0.2365
132,10,0.33,9.5e-13
132,11,0.62,0.30526316000095
132,12,1.0,0.40000000000095004
132,13,1.0,9.5e-13
132,14,1.0,9.5e-13
132,15,1.0,9.5e-13
132,16,0.57894737,-0.4
132,17,0.35905263,-0.2089
132,18,0.0,-0.3411
132,19,0.0,0.0
132,20,1e-12,9.5e-13
132,21,0.0,-9.5e-13
132,22,0.0,0.0
132,23,0.0,-1e-12
133,0,0.0,0.0
133,1,0.0,0.0
133,2,0.003545,0.00373157890095
133,3,0.33253,0.34630000000095
133,4,0.672915,0.35830000000095
133,5,1.0,0.34430000000095
133,6,1.0,1.94966818e-12
133,7,1.0,1.94990192e-12
133,8,1.0,9.5e-13
133,9,1.0,-7.5048023e-12
133,10,1.0,9.5e-13
133,11,1.0,9.5e-13
133,12,1.0,9.5e-13
133,13,1.0,-1.899958e-12
133,14,1.0,9.5e-13
133,15,1.0,9.5e-13
133,16,0.60578947,-0.3745
133,17,0.18473684,-0.4
133,18,0.0,-0.1755
133,19,0.0,0.0
133,20,0.0,0.0
133,21,0.0,0.0
133,22,0.0,0.0
133,23,0.0,-1e-12
134,0,0.38,0.40000000000095004
134,1,0.38,9.5e-13
134,2,0.4636,0.08800000000095
134,3,0.62,0.16463158000095
134,4,1.0,0.4
134,5,1.0,0.0
134,6,1.0,9.5e-13
134,7,0.57894737,-0.4
134,8,0.15789474,-0.4
134,9,0.0,-0.15
134,10,1e-12,9.5e-13
134,11,0.063965,0.06733157900095
134,12,0.443965,0.40000000000095004
134,13,0.823965,0.40000000000095004
134,14,1.0,0.18530000000094998
134,15,1.0,1.94990192e-12
134,16,0.60905263,-0.3714
134,17,0.31926316,-0.2753
134,18,0.0,-0.3033
134,19,0.0,0.0
134,20,0.0,0.0
134,21,0.0,0.0
134,22,0.0,0.0
134,23,0.0,0.0
135,0,1e-12,9.5e-13
135,1,2e-12,9.5e-13
135,2,3e-12,9.5e-13
135,3,0.206,0.21684211000095
135,4,0.206,9.5e-13
135,5,0.17084211,-0.0334
135,6,0.17084211,9.5e-13
135,7,0.097157895,-0.07
135,8,0.0,-0.0923
135,9,0.06308,0.06640000000095
135,10,0.173215,0.11593158000095001
135,11,0.553215,0.40000000000095004
135,12,0.933215,0.40000000000095004
135,13,0.933215,9.5e-13
135,14,1.0,0.07030000000095
135,15,1.0,-5.0204285e-14
135,16,0.77505263,-0.2137
135,17,0.42105263,-0.3363
135,18,0.0,-0.4
135,19,0.0,0.0
135,20,0.0,0.0
135,21,0.0,0.0
135,22,0.0,0.0
135,23,0.0,-1e-12
136,0,1e-12,9.5e-13
136,1,0.0,-9.5e-13
136,2,0.03572,0.03760000000095
136,3,0.14212,0.11200000000095
136,4,0.319865,0.18710000000094998
136,5,0.564585,0.25760000000095
136,6,0.826405,0.27560000000095003
136,7,1.0,0.18273158000095
136,8,1.0,9.5e-13
136,9,1.0,9.5e-13
136,10,1.0,9.5e-13
136,11,1.0,9.5e-13
136,12,1.0,9.5e-13
136,13,1.0,-3.8001269e-12
136,14,1.0,9.5e-13
136,15,1.0,9.5e-13
136,16,0.84210526,-0.15
136,17,0.42105263,-0.4
136,18,0.0,-0.4
136,19,1e-12,9.5e-13
136,20,2e-12,9.5e-13
136,21,0.0,-1.9e-12
136,22,0.0,0.0
136,23,0.0,-1e-12
137,0,0.291935,0.30730000000095004
137,1,0.291935,9.5e-13
137,2,0.63403,0.36010000000095
137,3,0.63403,9.5e-13
137,4,1.0,0.38523158000095004
137,5,1.0,1.94966818e-12
137,6,1.0,1.94990192e-12
137,7,1.0,-3.7047809e-12
137,8,1.0,9.5e-13
137,9,1.0,9.5e-13
137,10,1.0,9.5e-13
137,11,1.0,-3.8002324e-12
137,12,1.0,9.5e-13
137,13,1.0,9.5e-13
137,14,1.0,-1.9000634e-12
137,15,1.0,9.5e-13
137,16,0.57894737,-0.4
137,17,0.15789474,-0.4
137,18,0.0,-0.15
137,19,0.0,0.0
137,20,1e-12,9.5e-13
137,21,0.0,-9.5e-13
137,22,1e-12,9.5e-13
137,23,0.0,-1.95e-12
138,0,0.15029,0.15820000000095
138,1,0.2888,0.14580000000095
138,2,0.408785,0.12630000000094999
138,3,0.5073,0.10370000000095
138,4,0.62,0.11863158000095
138,5,1.0,0.40000000000095004
138,6,1.0,9.5e-13
138,7,1.0,9.5e-13
138,8,1.0,1.94990192e-12
138,9,1.0,9.5e-13
138,10,1.0,9.5e-13
138,11,1.0,9.5e-13
138,12,1.0,9.5e-13
138,13,1.0,-6.6028127e-12
138,14,1.0,9.5e-13
138,15,1.0,0.0
138,16,0.57894737,-0.4
138,17,0.42105263,-0.15
138,18,0.0,-0.4
138,19,0.0,0.0
138,20,0.0,0.0
138,21,0.0,0.0
138,22,0.0,0.0
138,23,0.0,-1e-12
139,0,0.38,0.40000000000095004
139,1,0.38,0.0
139,2,0.38,9.5e-13
139,3,0.76,0.40000000000095004
139,4,0.76,9.5e-13
139,5,0.76,9.5e-13
139,6,1.0,0.25263158000095004
139,7,0.83105263,-0.1605
139,8,0.62463158,-0.1961
139,9,0.55842105,-0.0629
139,10,0.55842105,9.5e-13
139,11,0.85292105,0.31000000000095
139,12,1.0,0.15481994000094998
139,13,1.0,9.5e-13
139,14,1.0,9.5e-13
139,15,1.0,-5.0204285e-14
139,16,0.662,-0.3211
139,17,0.35757895,-0.2892
139,18,0.0,-0.3397
139,19,0.0,0.0
139,20,0.0,0.0
139,21,0.0,0.0
139,22,1e-12,9.5e-13
139,23,0.0,-1.95e-12
140,0,1e-12,9.5e-13
140,1,0.0,-9.5e-13
140,2,0.0,0.0
140,3,0.24,0.25263158000095004
140,4,0.24,9.5e-13
140,5,0.62,0.40000000000095004
140,6,1.0,0.40000000000095004
140,7,1.0,9.5e-13
140,8,0.76915789,-0.2193
140,9,0.71,-0.0562
140,10,0.71,9.5e-13
140,11,1.0,0.30526316000095
140,12,0.855505,-0.13727025
140,13,1.0,0.15210000000095
140,14,1.0,4.9993343e-14
140,15,1.0,-4.9993343e-14
140,16,0.62273684,-0.3584
140,17,0.29905263,-0.3075
140,18,0.0,-0.2841
140,19,1e-12,9.5e-13
140,20,0.26568421,0.27966759000095004
140,21,0.26568421,0.0
140,22,0.26568421,9.5e-13
140,23,0.0,-0.2524
141,0,1e-12,9.5e-13
141,1,2e-12,9.5e-13
141,2,3e-12,9.5e-13
141,3,0.38,0.40000000000095004
141,4,0.42944263,0.052044875000949994
141,5,0.80944263,0.40000000000095004
141,6,0.80944263,9.5e-13
141,7,0.38839,-0.4
141,8,0.38839,9.5e-13
141,9,0.38839,9.5e-13
141,10,0.605275,0.22830000000095
141,11,0.86757,0.27610000000095003
141,12,1.0,0.13940000000095
141,13,1.0,-4.97824e-14
141,14,1.0,-4.9993343e-14
141,15,1.0,0.0
141,16,0.57894737,-0.4
141,17,0.42105263,-0.15
141,18,0.0,-0.4
141,19,0.0,0.0
141,20,0.0,0.0
141,21,0.0,0.0
141,22,0.0,0.0
141,23,0.0,-1e-12
142,0,0.0,0.0
142,1,0.0,0.0
142,2,1e-12,9.5e-13
142,3,0.38,0.40000000000095004
142,4,0.76,0.40000000000095004
142,5,1.0,0.25263158000095004
142,6,1.0,9.5e-13
142,7,1.0,9.5e-13
142,8,1.0,9.5e-13
142,9,1.0,9.5e-13
142,10,1.0,9.5e-13
142,11,1.0,9.5e-13
142,12,1.0,9.5e-13
142,13,1.0,9.5e-13
142,14,1.0,0.0
142,15,1.0,-7.6006756e-12
142,16,0.84210526,-0.15
142,17,0.42105263,-0.4
142,18,0.0,-0.4
142,19,0.0,0.0
142,20,0.0,0.0
142,21,0.0,0.0
142,22,0.0,0.0
142,23,0.0,-1e-12
143,0,0.0,0.0
143,1,1e-12,9.5e-13
143,2,0.38,0.40000000000095004
143,3,0.62,0.25263158000095004
143,4,1.0,0.40000000000095004
143,5,1.0,1.94990192e-12
143,6,1.0,1.94990192e-12
143,7,1.0,1.94966818e-12
143,8,1.0,1.94966818e-12
143,9,1.0,9.5e-13
143,10,1.0,9.5e-13
143,11,1.0,-1.1209689e-11
143,12,1.0,9.5e-13
143,13,1.0,9.5e-13
143,14,1.0,0.0
143,15,1.0,0.0
143,16,0.57894737,-0.4
143,17,0.15789474,-0.4
143,18,0.0,-0.15
143,19,0.0,0.0
143,20,0.0,0.0
143,21,0.0,0.0
143,22,0.0,0.0
143,23,0.0,-1e-12
144,0,1e-12,9.5e-13
144,1,2e-12,9.5e-13
144,2,0.38,0.40000000000095004
144,3,0.76,0.40000000000095004
144,4,1.0,0.25263158000095004
144,5,1.0,1.94990192e-12
144,6,1.0,9.5e-13
144,7,0.93344368,-0.0632285
144,8,0.93344368,9.5e-13
144,9,0.74723316,-0.1769
144,10,0.66997,-0.0734
144,11,0.77048,0.10580000000095001
144,12,0.91982,0.15720000000095
144,13,1.0,0.08440000000095
144,14,1.0,-9.4997898e-13
144,15,1.0,9.5e-13
144,16,0.67684211,-0.307
144,17,0.30978947,-0.3487
144,18,0.0,-0.2943
144,19,0.0,0.0
144,20,1e-12,9.5e-13
144,21,0.0,-9.5e-13
144,22,1e-12,9.5e-13
144,23,0.0,-1.95e-12
145,0,0.012065,0.01270000000095
145,1,0.020615,0.00900000000095
145,2,0.056905,0.038200000000949995
145,3,0.12407,0.07070000000095
145,4,0.2185,0.09940000000095
145,5,0.334305,0.12190000000095
145,6,0.442985,0.11440000000095
145,7,0.52858,0.09010000000095
145,8,0.56601,0.039400000000949995
145,9,0.61579,0.05240000000095
145,10,0.734635,0.12510000000094998
145,11,0.895755,0.16960000000095
145,12,0.929795,0.03583157900095
145,13,1.0,0.07390000000095
145,14,1.0,-4.9993343e-14
145,15,1.0,-4.9993343e-14
145,16,0.61263158,-0.368
145,17,0.19157895,-0.4
145,18,0.0,-0.182
145,19,0.0,0.0
145,20,0.0,0.0
145,21,0.0,0.0
145,22,1e-12,9.5e-13
145,23,0.0,-1.95e-12
146,0,0.01083,0.011400000000950001
146,1,0.05757,0.04920000000095
146,2,0.153995,0.10150000000095001
146,3,0.294215,0.14760000000095
146,4,0.47823,0.19370000000095
146,5,0.682955,0.21550000000095
146,6,0.837425,0.16260000000094998
146,7,0.94373,0.11190000000095
146,8,0.94373,9.5e-13
146,9,0.75966263,-0.174864
146,10,0.33861,-0.4
146,11,0.625795,0.30230000000095003
146,12,0.89075,0.27890000000095
146,13,0.89075,9.5e-13
146,14,1.0,0.11500000000095001
146,15,1.0,-4.9993343e-14
146,16,0.57894737,-0.4
146,17,0.15789474,-0.4
146,18,0.0,-0.15
146,19,0.0,0.0
146,20,0.0,0.0
146,21,0.0,0.0
146,22,1e-12,9.5e-13
146,23,0.0,-1.95e-12
